STATEFP,COUNTYFP,COUNTYNS,AFFGEOID,GEOID,NAME,NAMELSAD,STUSPS,STATE_NAME,LSAD,ALAND,AWATER
13,031,00350302,0500000US13031,13031,Bulloch,Bulloch County,GA,Georgia,06,1750735216,32827779
13,179,00357095,0500000US13179,13179,Liberty,Liberty County,GA,Georgia,06,1337654102,222884791
13,189,00348794,0500000US13189,13189,McDuffie,McDuffie County,GA,Georgia,06,666590014,23114032
13,209,00352276,0500000US13209,13209,Montgomery,Montgomery County,GA,Georgia,06,624563058,9191488
13,245,00358024,0500000US13245,13245,Richmond,Richmond County,GA,Georgia,06,840036613,10995252
13,049,00357747,0500000US13049,13049,Charlton,Charlton County,GA,Georgia,06,2020415648,5963237
13,141,00348209,0500000US13141,13141,Hancock,Hancock County,GA,Georgia,06,1220057418,17479620
13,315,00345499,0500000US13315,13315,Wilcox,Wilcox County,GA,Georgia,06,978525378,11147628
13,177,00343390,0500000US13177,13177,Lee,Lee County,GA,Georgia,06,921731096,15310679
13,279,00345220,0500000US13279,13279,Toombs,Toombs County,GA,Georgia,06,942788867,18076118
13,007,00342832,0500000US13007,13007,Baker,Baker County,GA,Georgia,06,885665381,18598653
34,015,00882277,0500000US34015,34015,Gloucester,Gloucester County,NJ,New Jersey,06,833976887,38259771
34,023,00882230,0500000US34023,34023,Middlesex,Middlesex County,NJ,New Jersey,06,800881307,35356734
34,035,00882234,0500000US34035,34035,Somerset,Somerset County,NJ,New Jersey,06,781829190,7996119
34,031,00882232,0500000US34031,34031,Passaic,Passaic County,NJ,New Jersey,06,481772300,32052581
34,021,00882229,0500000US34021,34021,Mercer,Mercer County,NJ,New Jersey,06,581297767,11434809
34,009,00882274,0500000US34009,34009,Cape May,Cape May County,NJ,New Jersey,06,651437935,955149083
28,059,00695753,0500000US28059,28059,Jackson,Jackson County,MS,Mississippi,06,1872109197,830292614
51,147,01492359,0500000US51147,51147,Prince Edward,Prince Edward County,VA,Virginia,06,906356801,10079281
51,029,01501502,0500000US51029,51029,Buckingham,Buckingham County,VA,Virginia,06,1501215440,9911855
51,139,01500440,0500000US51139,51139,Page,Page County,VA,Virginia,06,802949683,8369917
51,153,01480161,0500000US51153,51153,Prince William,Prince William County,VA,Virginia,06,868309976,30837608
51,171,01673918,0500000US51171,51171,Shenandoah,Shenandoah County,VA,Virginia,06,1315919346,9716893
51,061,01480120,0500000US51061,51061,Fauquier,Fauquier County,VA,Virginia,06,1678296041,9665551
33,017,00873182,0500000US33017,33017,Strafford,Strafford County,NH,New Hampshire,06,951743430,39154073
51,001,01480091,0500000US51001,51001,Accomack,Accomack County,VA,Virginia,06,1163725929,2229259960
51,119,01480147,0500000US51119,51119,Middlesex,Middlesex County,VA,Virginia,06,337554148,208310589
22,075,00558125,0500000US22075,22075,Plaquemines,Plaquemines Parish,LA,Louisiana,15,2020635364,4628476563
22,107,00559509,0500000US22107,22107,Tensas,Tensas Parish,LA,Louisiana,15,1561795836,99432220
51,193,01480179,0500000US51193,51193,Westmoreland,Westmoreland County,VA,Virginia,06,593951804,61108785
23,027,00581299,0500000US23027,23027,Waldo,Waldo County,ME,Maine,06,1890616317,318014823
51,091,01673774,0500000US51091,51091,Highland,Highland County,VA,Virginia,06,1075266904,1791758
51,083,01496705,0500000US51083,51083,Halifax,Halifax County,VA,Virginia,06,2117913134,30524581
23,023,00581297,0500000US23023,23023,Sagadahoc,Sagadahoc County,ME,Maine,06,657782142,300590925
24,041,00592947,0500000US24041,24041,Talbot,Talbot County,MD,Maryland,06,695561637,539363457
24,033,01714670,0500000US24033,24033,Prince George's,Prince George's County,MD,Maryland,06,1250057213,41922695
24,035,00596089,0500000US24035,24035,Queen Anne's,Queen Anne's County,MD,Maryland,06,962673214,360020725
24,023,01711058,0500000US24023,24023,Garrett,Garrett County,MD,Maryland,06,1681102437,22498420
51,165,01488970,0500000US51165,51165,Rockingham,Rockingham County,VA,Virginia,06,2200944584,10646757
37,083,01008559,0500000US37083,37083,Halifax,Halifax County,NC,North Carolina,06,1874472930,16919664
37,179,01008590,0500000US37179,37179,Union,Union County,NC,North Carolina,06,1638778990,17891392
37,129,01026329,0500000US37129,37129,New Hanover,New Hanover County,NC,North Carolina,06,497937486,353803887
37,163,01026131,0500000US37163,37163,Sampson,Sampson County,NC,North Carolina,06,2449946536,4923828
37,031,01026337,0500000US37031,37031,Carteret,Carteret County,NC,North Carolina,06,1314689449,2131061128
37,183,01008592,0500000US37183,37183,Wake,Wake County,NC,North Carolina,06,2161570492,58082284
37,119,01008570,0500000US37119,37119,Mecklenburg,Mecklenburg County,NC,North Carolina,06,1356130079,58209535
37,141,01026129,0500000US37141,37141,Pender,Pender County,NC,North Carolina,06,2256645359,162833419
37,047,01026339,0500000US37047,37047,Columbus,Columbus County,NC,North Carolina,06,2429722353,43711694
37,093,01008563,0500000US37093,37093,Hoke,Hoke County,NC,North Carolina,06,1010491623,3949309
37,105,01008567,0500000US37105,37105,Lee,Lee County,NC,North Carolina,06,660607451,10725289
37,015,01026334,0500000US37015,37015,Bertie,Bertie County,NC,North Carolina,06,1810858588,109120751
36,081,00974139,0500000US36081,36081,Queens,Queens County,NY,New York,06,281594050,188444349
12,119,00295740,0500000US12119,12119,Sumter,Sumter County,FL,Florida,06,1442967719,58773420
12,069,00308551,0500000US12069,12069,Lake,Lake County,FL,Florida,06,2464507354,531492923
09,009,00212798,0500000US09009,09009,New Haven,New Haven County,CT,Connecticut,06,1565143226,667604268
09,007,00212797,0500000US09007,09007,Middlesex,Middlesex County,CT,Connecticut,06,956493753,180679141
12,079,00295731,0500000US12079,12079,Madison,Madison County,FL,Florida,06,1804001483,49634046
12,127,00306921,0500000US12127,12127,Volusia,Volusia County,FL,Florida,06,2852384800,857611281
12,099,00295761,0500000US12099,12099,Palm Beach,Palm Beach County,FL,Florida,06,5087510105,1084950939
12,113,00306914,0500000US12113,12113,Santa Rosa,Santa Rosa County,FL,Florida,06,2622106399,543294939
12,125,00306913,0500000US12125,12125,Union,Union County,FL,Florida,06,630804540,16049423
12,093,00295760,0500000US12093,12093,Okeechobee,Okeechobee County,FL,Florida,06,1992126184,317924583
42,033,01209175,0500000US42033,42033,Clearfield,Clearfield County,PA,Pennsylvania,06,2966379119,23934013
42,097,01209186,0500000US42097,42097,Northumberland,Northumberland County,PA,Pennsylvania,06,1185344304,50674892
42,061,01213672,0500000US42061,42061,Huntingdon,Huntingdon County,PA,Pennsylvania,06,2265337347,37851956
01,097,00161575,0500000US01097,01097,Mobile,Mobile County,AL,Alabama,06,3184064139,1074011171
01,041,00161546,0500000US01041,01041,Crenshaw,Crenshaw County,AL,Alabama,06,1576952763,5388562
01,065,00161558,0500000US01065,01065,Hale,Hale County,AL,Alabama,06,1667926655,32403804
01,109,00161581,0500000US01109,01109,Pike,Pike County,AL,Alabama,06,1740645369,2339145
36,025,00974111,0500000US36025,36025,Delaware,Delaware County,NY,New York,06,3736306657,64163829
36,115,00974155,0500000US36115,36115,Washington,Washington County,NY,New York,06,2152713650,38126949
48,029,01383800,0500000US48029,48029,Bexar,Bexar County,TX,Texas,06,3212413223,40802184
48,201,01383886,0500000US48201,48201,Harris,Harris County,TX,Texas,06,4421015900,182431712
48,471,01384021,0500000US48471,48471,Walker,Walker County,TX,Texas,06,2031126325,44745757
48,321,01383943,0500000US48321,48321,Matagorda,Matagorda County,TX,Texas,06,2830645444,1345742564
48,473,01384022,0500000US48473,48473,Waller,Waller County,TX,Texas,06,1329431564,11827973
48,215,01383893,0500000US48215,48215,Hidalgo,Hidalgo County,TX,Texas,06,4068758841,30739605
48,187,01383879,0500000US48187,48187,Guadalupe,Guadalupe County,TX,Texas,06,1842136053,9157037
48,071,01383821,0500000US48071,48071,Chambers,Chambers County,TX,Texas,06,1546425540,709836144
48,351,01383961,0500000US48351,48351,Newton,Newton County,TX,Texas,06,2418212546,15672146
48,057,01383814,0500000US48057,48057,Calhoun,Calhoun County,TX,Texas,06,1312960774,1361631001
48,455,01384013,0500000US48455,48455,Trinity,Trinity County,TX,Texas,06,1796920726,52260791
01,131,00161591,0500000US01131,01131,Wilcox,Wilcox County,AL,Alabama,06,2299540559,50592191
01,035,00161543,0500000US01035,01035,Conecuh,Conecuh County,AL,Alabama,06,2202213384,6426488
48,273,01383922,0500000US48273,48273,Kleberg,Kleberg County,TX,Texas,06,2282572444,541041659
45,063,01244251,0500000US45063,45063,Lexington,Lexington County,SC,South Carolina,06,1810397035,151833121
45,051,01248005,0500000US45051,45051,Horry,Horry County,SC,South Carolina,06,2935248129,314476303
45,013,01247984,0500000US45013,45013,Beaufort,Beaufort County,SC,South Carolina,06,1491928837,899873956
45,069,01248011,0500000US45069,45069,Marlboro,Marlboro County,SC,South Carolina,06,1242867261,14489019
45,087,01248017,0500000US45087,45087,Union,Union County,SC,South Carolina,06,1330180037,4792745
45,027,01247990,0500000US45027,45027,Clarendon,Clarendon County,SC,South Carolina,06,1572656992,229097204
45,061,01245652,0500000US45061,45061,Lee,Lee County,SC,South Carolina,06,1062372306,2715077
45,039,01248000,0500000US45039,45039,Fairfield,Fairfield County,SC,South Carolina,06,1777521260,61063162
45,017,01247986,0500000US45017,45017,Calhoun,Calhoun County,SC,South Carolina,06,987179024,29351080
45,043,01248002,0500000US45043,45043,Georgetown,Georgetown County,SC,South Carolina,06,2107246447,572958789
22,103,01629503,0500000US22103,22103,St. Tammany,St. Tammany Parish,LA,Louisiana,15,2189206640,648444271
54,001,01696996,0500000US54001,54001,Barbour,Barbour County,WV,West Virginia,06,883338376,4639586
54,037,01550025,0500000US54037,54037,Jefferson,Jefferson County,WV,West Virginia,06,542072983,6150170
54,049,01718173,0500000US54049,54049,Marion,Marion County,WV,West Virginia,06,799667746,7160908
12,045,00306917,0500000US12045,12045,Gulf,Gulf County,FL,Florida,06,1433437353,624436316
12,123,00295728,0500000US12123,12123,Taylor,Taylor County,FL,Florida,06,2702224058,1213576997
25,027,00606940,0500000US25027,25027,Worcester,Worcester County,MA,Massachusetts,06,3912627580,177366263
37,055,01026133,0500000US37055,37055,Dare,Dare County,NC,North Carolina,06,992558307,3000513520
72,113,01804537,0500000US72113,72113,Ponce,Ponce Municipio,PR,Puerto Rico,13,297688619,203748553
72,097,01804529,0500000US72097,72097,Mayag端ez,Mayag端ez Municipio,PR,Puerto Rico,13,201174435,508705765
72,037,01804498,0500000US72037,72037,Ceiba,Ceiba Municipio,PR,Puerto Rico,13,75201649,336178484
48,405,01383988,0500000US48405,48405,San Augustine,San Augustine County,TX,Texas,06,1374400363,159644688
22,019,00558468,0500000US22019,22019,Calcasieu,Calcasieu Parish,LA,Louisiana,15,2755963714,77908794
22,005,00558403,0500000US22005,22005,Ascension,Ascension Parish,LA,Louisiana,15,751016878,32969822
22,071,00558113,0500000US22071,22071,Orleans,Orleans Parish,LA,Louisiana,15,438975285,467122070
22,113,00559538,0500000US22113,22113,Vermilion,Vermilion Parish,LA,Louisiana,15,3039634850,954699331
22,043,00558567,0500000US22043,22043,Grant,Grant Parish,LA,Louisiana,15,1665848458,56005520
28,001,00695726,0500000US28001,28001,Adams,Adams County,MS,Mississippi,06,1197464268,65273639
28,121,00695781,0500000US28121,28121,Rankin,Rankin County,MS,Mississippi,06,2008521126,79231033
28,039,00695744,0500000US28039,28039,George,George County,MS,Mississippi,06,1239816906,12838126
25,011,00606932,0500000US25011,25011,Franklin,Franklin County,MA,Massachusetts,06,1810941373,65609400
51,075,01674271,0500000US51075,51075,Goochland,Goochland County,VA,Virginia,06,730451418,21934893
51,093,01702378,0500000US51093,51093,Isle of Wight,Isle of Wight County,VA,Virginia,06,817620587,122100069
51,137,01494761,0500000US51137,51137,Orange,Orange County,VA,Virginia,06,883388069,6487125
51,023,01674418,0500000US51023,51023,Botetourt,Botetourt County,VA,Virginia,06,1401898974,12126225
51,009,01480095,0500000US51009,51009,Amherst,Amherst County,VA,Virginia,06,1227554631,12898694
51,007,01497770,0500000US51007,51007,Amelia,Amelia County,VA,Virginia,06,920379345,8188217
51,097,01480136,0500000US51097,51097,King and Queen,King and Queen County,VA,Virginia,06,816232787,28929275
51,081,01501122,0500000US51081,51081,Greensville,Greensville County,VA,Virginia,06,764634552,4086108
78,010,02378248,0500000US78010,78010,St. Croix,St. Croix Island,VI,United States Virgin Islands,10,215914981,645644854
78,020,02378249,0500000US78020,78020,St. John,St. John Island,VI,United States Virgin Islands,10,50998053,186670411
23,021,00581296,0500000US23021,23021,Piscataquis,Piscataquis County,ME,Maine,06,10258805117,1080258051
13,073,00348865,0500000US13073,13073,Columbia,Columbia County,GA,Georgia,06,751591130,45353300
13,205,00343645,0500000US13205,13205,Mitchell,Mitchell County,GA,Georgia,06,1326483085,4314212
34,007,00882273,0500000US34007,34007,Camden,Camden County,NJ,New Jersey,06,573315345,15699106
34,027,00882231,0500000US34027,34027,Morris,Morris County,NJ,New Jersey,06,1193911893,53230151
34,017,00882278,0500000US34017,34017,Hudson,Hudson County,NJ,New Jersey,06,119640822,41836491
34,001,00882270,0500000US34001,34001,Atlantic,Atlantic County,NJ,New Jersey,06,1438774368,301270979
34,025,00882910,0500000US34025,34025,Monmouth,Monmouth County,NJ,New Jersey,06,1212585330,500431205
34,011,00882275,0500000US34011,34011,Cumberland,Cumberland County,NJ,New Jersey,06,1251898249,503713126
34,019,00882228,0500000US34019,34019,Hunterdon,Hunterdon County,NJ,New Jersey,06,1108086284,24761598
51,107,01480141,0500000US51107,51107,Loudoun,Loudoun County,VA,Virginia,06,1335755878,14493733
13,319,00346824,0500000US13319,13319,Wilkinson,Wilkinson County,GA,Georgia,06,1163459876,7084800
13,021,01672039,0500000US13021,13021,Bibb,Bibb County,GA,Georgia,06,645898113,14305197
13,025,00351605,0500000US13025,13025,Brantley,Brantley County,GA,Georgia,06,1147972258,10291563
13,301,00347777,0500000US13301,13301,Warren,Warren County,GA,Georgia,06,736483608,6034478
13,183,00326719,0500000US13183,13183,Long,Long County,GA,Georgia,06,1037006567,8862019
13,277,00344090,0500000US13277,13277,Tift,Tift County,GA,Georgia,06,675702087,20458524
13,265,00347654,0500000US13265,13265,Taliaferro,Taliaferro County,GA,Georgia,06,504029143,1917633
37,069,01008553,0500000US37069,37069,Franklin,Franklin County,NC,North Carolina,06,1273761673,7173998
37,123,01008572,0500000US37123,37123,Montgomery,Montgomery County,NC,North Carolina,06,1273075626,25886753
37,155,01026130,0500000US37155,37155,Robeson,Robeson County,NC,North Carolina,06,2453481924,5076395
37,167,01025844,0500000US37167,37167,Stanly,Stanly County,NC,North Carolina,06,1023250040,25187035
37,065,01008551,0500000US37065,37065,Edgecombe,Edgecombe County,NC,North Carolina,06,1309074148,3705924
37,041,01025822,0500000US37041,37041,Chowan,Chowan County,NC,North Carolina,06,447179939,157966156
37,007,01008534,0500000US37007,37007,Anson,Anson County,NC,North Carolina,06,1376478143,14603213
36,047,00974122,0500000US36047,36047,Kings,Kings County,NY,New York,06,179684485,71158757
36,005,00974101,0500000US36005,36005,Bronx,Bronx County,NY,New York,06,109224611,39362153
36,119,00974157,0500000US36119,36119,Westchester,Westchester County,NY,New York,06,1115568257,179637627
36,071,00974134,0500000US36071,36071,Orange,Orange County,NY,New York,06,2103893102,68032228
51,019,01674818,0500000US51019,51019,Bedford,Bedford County,VA,Virginia,06,1968660755,42062887
01,001,00161526,0500000US01001,01001,Autauga,Autauga County,AL,Alabama,06,1539634184,25674812
33,015,00873181,0500000US33015,33015,Rockingham,Rockingham County,NH,New Hampshire,06,1801055120,258626550
33,007,00873177,0500000US33007,33007,Coos,Coos County,NH,New Hampshire,06,4647923092,92546791
24,039,00596907,0500000US24039,24039,Somerset,Somerset County,MD,Maryland,06,828145301,752652868
24,037,01697853,0500000US24037,24037,St. Mary's,St. Mary's County,MD,Maryland,06,928809939,1050592561
22,051,00558027,0500000US22051,22051,Jefferson,Jefferson Parish,LA,Louisiana,15,779455288,883412483
51,159,01480164,0500000US51159,51159,Richmond,Richmond County,VA,Virginia,06,495925426,64458631
51,133,01480152,0500000US51133,51133,Northumberland,Northumberland County,VA,Virginia,06,495805446,243886813
51,057,01480118,0500000US51057,51057,Essex,Essex County,VA,Virginia,06,666494453,74795284
22,031,00558521,0500000US22031,22031,De Soto,De Soto Parish,LA,Louisiana,15,2269991655,46990189
22,029,00558515,0500000US22029,22029,Concordia,Concordia Parish,LA,Louisiana,15,1805360346,130322878
51,103,01480139,0500000US51103,51103,Lancaster,Lancaster County,VA,Virginia,06,345261477,254114185
23,003,00581287,0500000US23003,23003,Aroostook,Aroostook County,ME,Maine,06,17278035042,404869424
51,143,01480157,0500000US51143,51143,Pittsylvania,Pittsylvania County,VA,Virginia,06,2509705676,23903849
51,099,01480137,0500000US51099,51099,King George,King George County,VA,Virginia,06,465234037,21087162
22,109,00559517,0500000US22109,22109,Terrebonne,Terrebonne Parish,LA,Louisiana,15,3185305317,2207679634
24,001,01713506,0500000US24001,24001,Allegany,Allegany County,MD,Maryland,06,1093502055,14761330
24,003,01710958,0500000US24003,24003,Anne Arundel,Anne Arundel County,MD,Maryland,06,1074352780,448033952
24,029,00593907,0500000US24029,24029,Kent,Kent County,MD,Maryland,06,717497117,353321619
24,013,01696228,0500000US24013,24013,Carroll,Carroll County,MD,Maryland,06,1159355858,13112464
25,009,00606931,0500000US25009,25009,Essex,Essex County,MA,Massachusetts,06,1275623186,870158604
25,013,00606933,0500000US25013,25013,Hampden,Hampden County,MA,Massachusetts,06,1598027523,44418900
24,047,01668802,0500000US24047,24047,Worcester,Worcester County,MD,Maryland,06,1213156434,586531120
25,025,00606939,0500000US25025,25025,Suffolk,Suffolk County,MA,Massachusetts,06,150876727,160498380
37,127,01008574,0500000US37127,37127,Nash,Nash County,NC,North Carolina,06,1399742831,6174819
37,079,01008557,0500000US37079,37079,Greene,Greene County,NC,North Carolina,06,690838977,1229492
37,147,01008578,0500000US37147,37147,Pitt,Pitt County,NC,North Carolina,06,1689621009,8246941
42,101,01209187,0500000US42101,42101,Philadelphia,Philadelphia County,PA,Pennsylvania,06,347981634,21606282
42,091,01213680,0500000US42091,42091,Montgomery,Montgomery County,PA,Pennsylvania,06,1250887844,10984167
42,079,01209183,0500000US42079,42079,Luzerne,Luzerne County,PA,Pennsylvania,06,2304216457,42104537
42,095,01209185,0500000US42095,42095,Northampton,Northampton County,PA,Pennsylvania,06,957745652,19058409
42,043,01213667,0500000US42043,42043,Dauphin,Dauphin County,PA,Pennsylvania,06,1359407363,86209037
42,071,01209181,0500000US42071,42071,Lancaster,Lancaster County,PA,Pennsylvania,06,2444751632,103368819
42,013,01213659,0500000US42013,42013,Blair,Blair County,PA,Pennsylvania,06,1360458062,3294803
42,035,01214721,0500000US42035,42035,Clinton,Clinton County,PA,Pennsylvania,06,2299868386,23178644
42,055,01213670,0500000US42055,42055,Franklin,Franklin County,PA,Pennsylvania,06,2000245527,1547615
42,067,01209180,0500000US42067,42067,Juniata,Juniata County,PA,Pennsylvania,06,1013697487,5502986
44,007,01219781,0500000US44007,44007,Providence,Providence County,RI,Rhode Island,06,1060552463,67870199
42,051,01209179,0500000US42051,42051,Fayette,Fayette County,PA,Pennsylvania,06,2048054606,20636363
44,009,01219782,0500000US44009,44009,Washington,Washington County,RI,Rhode Island,06,852827573,604769755
48,331,01383951,0500000US48331,48331,Milam,Milam County,TX,Texas,06,2632349427,11831398
48,163,01383867,0500000US48163,48163,Frio,Frio County,TX,Texas,06,2935753502,2193621
48,313,01383939,0500000US48313,48313,Madison,Madison County,TX,Texas,06,1207103457,16493254
48,289,01383930,0500000US48289,48289,Leon,Leon County,TX,Texas,06,2779462026,19328383
48,005,01383788,0500000US48005,48005,Angelina,Angelina County,TX,Texas,06,2066460812,173300091
01,119,00161585,0500000US01119,01119,Sumter,Sumter County,AL,Alabama,06,2340898913,24634883
48,477,01384024,0500000US48477,48477,Washington,Washington County,TX,Texas,06,1564855485,45471320
48,419,01383995,0500000US48419,48419,Shelby,Shelby County,TX,Texas,06,2060566466,101081677
48,051,01383811,0500000US48051,48051,Burleson,Burleson County,TX,Texas,06,1707015709,46043236
01,025,00161538,0500000US01025,01025,Clarke,Clarke County,AL,Alabama,06,3207494086,36657889
01,039,00161545,0500000US01039,01039,Covington,Covington County,AL,Alabama,06,2669165738,34194671
01,099,00161576,0500000US01099,01099,Monroe,Monroe County,AL,Alabama,06,2656469672,22609681
01,005,00161528,0500000US01005,01005,Barbour,Barbour County,AL,Alabama,06,2292160149,50523213
01,085,00161568,0500000US01085,01085,Lowndes,Lowndes County,AL,Alabama,06,1854651814,23271259
01,051,00161551,0500000US01051,01051,Elmore,Elmore County,AL,Alabama,06,1601945705,99781059
36,027,00974112,0500000US36027,36027,Dutchess,Dutchess County,NY,New York,06,2060721458,76913171
36,077,00974137,0500000US36077,36077,Otsego,Otsego County,NY,New York,06,2594487152,36314099
36,113,00974154,0500000US36113,36113,Warren,Warren County,NY,New York,06,2246082354,166754984
48,453,01384012,0500000US48453,48453,Travis,Travis County,TX,Texas,06,2574584400,80222169
48,039,01383805,0500000US48039,48039,Brazoria,Brazoria County,TX,Texas,06,3530999266,635436647
48,409,01383990,0500000US48409,48409,San Patricio,San Patricio County,TX,Texas,06,1795990941,37577389
48,199,01383885,0500000US48199,48199,Hardin,Hardin County,TX,Texas,06,2306612364,18037857
36,017,00974107,0500000US36017,36017,Chenango,Chenango County,NY,New York,06,2314393901,13046917
12,095,00295750,0500000US12095,12095,Orange,Orange County,FL,Florida,06,2336230360,262653307
12,101,00295739,0500000US12101,12101,Pasco,Pasco County,FL,Florida,06,1933733392,694477432
12,071,00295758,0500000US12071,12071,Lee,Lee County,FL,Florida,06,2022803068,1900583561
12,105,00295747,0500000US12105,12105,Polk,Polk County,FL,Florida,06,4656186394,550757251
09,011,00212799,0500000US09011,09011,New London,New London County,CT,Connecticut,06,1722511318,276863144
10,001,00217271,0500000US10001,10001,Kent,Kent County,DE,Delaware,06,1517891095,549776917
11,001,01702382,0500000US11001,11001,District of Columbia,District of Columbia,DC,District of Columbia,00,158316124,18709762
12,009,00295749,0500000US12009,12009,Brevard,Brevard County,FL,Florida,06,2628762626,1403940953
12,097,00295748,0500000US12097,12097,Osceola,Osceola County,FL,Florida,06,3438328928,462135107
12,063,00295734,0500000US12063,12063,Jackson,Jackson County,FL,Florida,06,2378091733,94217116
12,017,00295752,0500000US12017,12017,Citrus,Citrus County,FL,Florida,06,1507161659,981147323
12,015,00295742,0500000US12015,12015,Charlotte,Charlotte County,FL,Florida,06,1764089884,689239393
42,089,01209184,0500000US42089,42089,Monroe,Monroe County,PA,Pennsylvania,06,1575636945,22673964
12,049,00295746,0500000US12049,12049,Hardee,Hardee County,FL,Florida,06,1651297014,1472455
12,077,00308549,0500000US12077,12077,Liberty,Liberty County,FL,Florida,06,2164099094,19582444
12,013,00306919,0500000US12013,12013,Calhoun,Calhoun County,FL,Florida,06,1469394597,18070425
12,047,00295736,0500000US12047,12047,Hamilton,Hamilton County,FL,Florida,06,1332018549,12330813
12,129,00306912,0500000US12129,12129,Wakulla,Wakulla County,FL,Florida,06,1570615734,804111188
25,017,00606935,0500000US25017,25017,Middlesex,Middlesex County,MA,Massachusetts,06,2118236393,75318289
48,287,01383929,0500000US48287,48287,Lee,Lee County,TX,Texas,06,1629204766,13122562
72,147,01804554,0500000US72147,72147,Vieques,Vieques Municipio,PR,Puerto Rico,13,131541389,552192821
72,047,01804503,0500000US72047,72047,Corozal,Corozal Municipio,PR,Puerto Rico,13,110248542,16284
72,141,01804551,0500000US72141,72141,Utuado,Utuado Municipio,PR,Puerto Rico,13,294045395,3982227
72,031,01804495,0500000US72031,72031,Carolina,Carolina Municipio,PR,Puerto Rico,13,117515775,38721058
72,039,01804499,0500000US72039,72039,Ciales,Ciales Municipio,PR,Puerto Rico,13,172310193,459604
72,033,01804496,0500000US72033,72033,Cata単o,Cata単o Municipio,PR,Puerto Rico,13,12515561,5615090
22,069,00558108,0500000US22069,22069,Natchitoches,Natchitoches Parish,LA,Louisiana,15,3246092085,119733774
22,063,00558083,0500000US22063,22063,Livingston,Livingston Parish,LA,Louisiana,15,1678641293,112186821
22,099,01629486,0500000US22099,22099,St. Martin,St. Martin Parish,LA,Louisiana,15,1910038833,205294658
22,127,00559594,0500000US22127,22127,Winn,Winn Parish,LA,Louisiana,15,2460497667,17449604
22,079,00559460,0500000US22079,22079,Rapides,Rapides Parish,LA,Louisiana,15,3419856810,106464882
22,091,01629457,0500000US22091,22091,St. Helena,St. Helena Parish,LA,Louisiana,15,1058078903,2796358
22,115,00559548,0500000US22115,22115,Vernon,Vernon Parish,LA,Louisiana,15,3436185697,35140846
22,001,00558389,0500000US22001,22001,Acadia,Acadia Parish,LA,Louisiana,15,1697073813,5934788
22,045,00558576,0500000US22045,22045,Iberia,Iberia Parish,LA,Louisiana,15,1485913496,1182061975
22,025,00558495,0500000US22025,22025,Catahoula,Catahoula Parish,LA,Louisiana,15,1833776037,81356082
22,047,00558582,0500000US22047,22047,Iberville,Iberville Parish,LA,Louisiana,15,1602476038,88659446
22,081,00559472,0500000US22081,22081,Red River,Red River Parish,LA,Louisiana,15,1007453088,34259705
28,045,00711756,0500000US28045,28045,Hancock,Hancock County,MS,Mississippi,06,1227561217,204095552
48,407,01383989,0500000US48407,48407,San Jacinto,San Jacinto County,TX,Texas,06,1474332269,151949232
48,055,01383813,0500000US48055,48055,Caldwell,Caldwell County,TX,Texas,06,1410354031,4946188
45,035,01247998,0500000US45035,45035,Dorchester,Dorchester County,SC,South Carolina,06,1472652734,6706075
45,047,01248003,0500000US45047,45047,Greenwood,Greenwood County,SC,South Carolina,06,1180009081,21260069
45,079,01249299,0500000US45079,45079,Richland,Richland County,SC,South Carolina,06,1961343401,38007451
45,031,01247992,0500000US45031,45031,Darlington,Darlington County,SC,South Carolina,06,1451917179,14668340
45,057,01248008,0500000US45057,45057,Lancaster,Lancaster County,SC,South Carolina,06,1422080346,15487881
45,055,01248007,0500000US45055,45055,Kershaw,Kershaw County,SC,South Carolina,06,1881916535,35348695
45,049,01248004,0500000US45049,45049,Hampton,Hampton County,SC,South Carolina,06,1450327687,7072565
45,067,01248010,0500000US45067,45067,Marion,Marion County,SC,South Carolina,06,1267466476,12418901
22,055,00558059,0500000US22055,22055,Lafayette,Lafayette Parish,LA,Louisiana,15,696257611,1149127
54,083,01550048,0500000US54083,54083,Randolph,Randolph County,WV,West Virginia,06,2692810850,667359
54,003,01550008,0500000US54003,54003,Berkeley,Berkeley County,WV,West Virginia,06,831767529,1060958
54,027,01718644,0500000US54027,54027,Hampshire,Hampshire County,WV,West Virginia,06,1658633561,10902927
13,237,00347246,0500000US13237,13237,Putnam,Putnam County,GA,Georgia,06,892721731,41451859
13,201,00344088,0500000US13201,13201,Miller,Miller County,GA,Georgia,06,731471756,3211332
51,149,01480160,0500000US51149,51149,Prince George,Prince George County,VA,Virginia,06,687232241,42745198
51,157,01673976,0500000US51157,51157,Rappahannock,Rappahannock County,VA,Virginia,06,689900922,2142396
51,067,01494434,0500000US51067,51067,Franklin,Franklin County,VA,Virginia,06,1788671765,54404459
51,087,01480133,0500000US51087,51087,Henrico,Henrico County,VA,Virginia,06,605215393,28886745
51,017,01673638,0500000US51017,51017,Bath,Bath County,VA,Virginia,06,1370626043,14039993
51,177,01480172,0500000US51177,51177,Spotsylvania,Spotsylvania County,VA,Virginia,06,1039652446,33417517
51,037,01492442,0500000US51037,51037,Charlotte,Charlotte County,VA,Virginia,06,1231010116,5809378
51,109,01494707,0500000US51109,51109,Louisa,Louisa County,VA,Virginia,06,1282164640,37822855
51,101,01480138,0500000US51101,51101,King William,King William County,VA,Virginia,06,709424849,31090165
51,033,01480107,0500000US51033,51033,Caroline,Caroline County,VA,Virginia,06,1365863858,24927342
51,181,01480174,0500000US51181,51181,Surry,Surry County,VA,Virginia,06,722475752,81216905
51,678,01789071,0500000US51678,51678,Lexington,Lexington city,VA,Virginia,25,6473000,67783
13,103,00350219,0500000US13103,13103,Effingham,Effingham County,GA,Georgia,06,1240161595,10552453
13,153,01671693,0500000US13153,13153,Houston,Houston County,GA,Georgia,06,973954137,9990192
13,229,00349086,0500000US13229,13229,Pierce,Pierce County,GA,Georgia,06,881777233,7183926
13,317,00351265,0500000US13317,13317,Wilkes,Wilkes County,GA,Georgia,06,1216001422,11896927
13,019,00326638,0500000US13019,13019,Berrien,Berrien County,GA,Georgia,06,1174239566,11671125
36,053,00974125,0500000US36053,36053,Madison,Madison County,NY,New York,06,1696054036,16691322
36,103,00974149,0500000US36103,36103,Suffolk,Suffolk County,NY,New York,06,2359930478,3786764809
36,065,00974131,0500000US36065,36065,Oneida,Oneida County,NY,New York,06,3139921908,117357161
12,057,00295757,0500000US12057,12057,Hillsborough,Hillsborough County,FL,Florida,06,2646680847,803027226
12,117,00303665,0500000US12117,12117,Seminole,Seminole County,FL,Florida,06,801286912,93137171
09,003,00212338,0500000US09003,09003,Hartford,Hartford County,CT,Connecticut,06,1903467948,40619801
12,055,00295756,0500000US12055,12055,Highlands,Highlands County,FL,Florida,06,2635726544,230667884
12,031,00293656,0500000US12031,12031,Duval,Duval County,FL,Florida,06,1975244256,403564956
12,107,00306910,0500000US12107,12107,Putnam,Putnam County,FL,Florida,06,1886452945,255262400
12,109,00308371,0500000US12109,12109,St. Johns,St. Johns County,FL,Florida,06,1555661651,572103225
42,045,01209177,0500000US42045,42045,Delaware,Delaware County,PA,Pennsylvania,06,476078155,17582462
42,111,01209188,0500000US42111,42111,Somerset,Somerset County,PA,Pennsylvania,06,2784357763,17118618
42,103,01213683,0500000US42103,42103,Pike,Pike County,PA,Pennsylvania,06,1411272636,56780870
42,027,01214720,0500000US42027,42027,Centre,Centre County,PA,Pennsylvania,06,2871539708,11177389
44,003,01219778,0500000US44003,44003,Kent,Kent County,RI,Rhode Island,06,436584631,50690252
01,003,00161527,0500000US01003,01003,Baldwin,Baldwin County,AL,Alabama,06,4117656199,1132956041
13,001,00349113,0500000US13001,13001,Appling,Appling County,GA,Georgia,06,1316424660,10326621
13,283,00347505,0500000US13283,13283,Treutlen,Treutlen County,GA,Georgia,06,516524095,7810908
48,073,01383822,0500000US48073,48073,Cherokee,Cherokee County,TX,Texas,06,2727141726,23873001
34,029,00882279,0500000US34029,34029,Ocean,Ocean County,NJ,New Jersey,06,1627252596,742162038
34,033,00882233,0500000US34033,34033,Salem,Salem County,NJ,New Jersey,06,859519174,105385672
28,149,00695795,0500000US28149,28149,Warren,Warren County,MS,Mississippi,06,1524286572,77759819
01,129,00161590,0500000US01129,01129,Washington,Washington County,AL,Alabama,06,2797712949,21660030
51,015,01480098,0500000US51015,51015,Augusta,Augusta County,VA,Virginia,06,2504708861,9537137
51,031,01674917,0500000US51031,51031,Campbell,Campbell County,VA,Virginia,06,1303300984,8894442
33,009,00873178,0500000US33009,33009,Grafton,Grafton County,NH,New Hampshire,06,4425249894,106463952
24,017,01676992,0500000US24017,24017,Charles,Charles County,MD,Maryland,06,1185757838,479438830
23,013,00581292,0500000US23013,23013,Knox,Knox County,ME,Maine,06,945697332,2017103596
23,015,00581293,0500000US23015,23015,Lincoln,Lincoln County,ME,Maine,06,1180688993,631299424
24,025,01698178,0500000US24025,24025,Harford,Harford County,MD,Maryland,06,1132152045,231885675
24,015,00596115,0500000US24015,24015,Cecil,Cecil County,MD,Maryland,06,896912528,185281258
37,133,01026341,0500000US37133,37133,Onslow,Onslow County,NC,North Carolina,06,1973765096,370675285
37,117,01026328,0500000US37117,37117,Martin,Martin County,NC,North Carolina,06,1182102539,746610
37,103,01026338,0500000US37103,37103,Jones,Jones County,NC,North Carolina,06,1220836958,6031825
28,047,00695747,0500000US28047,28047,Harrison,Harrison County,MS,Mississippi,06,1485724358,1064607689
28,029,00695739,0500000US28029,28029,Copiah,Copiah County,MS,Mississippi,06,2013158772,5644780
48,311,01383947,0500000US48311,48311,McMullen,McMullen County,TX,Texas,06,2952066567,43985124
50,009,01461761,0500000US50009,50009,Essex,Essex County,VT,Vermont,06,1715969342,28693354
72,095,01804528,0500000US72095,72095,Maunabo,Maunabo Municipio,PR,Puerto Rico,13,54816716,44549509
37,053,01026125,0500000US37053,37053,Currituck,Currituck County,NC,North Carolina,06,678341928,685097880
37,177,01026332,0500000US37177,37177,Tyrrell,Tyrrell County,NC,North Carolina,06,1012106669,534571696
48,395,01383983,0500000US48395,48395,Robertson,Robertson County,TX,Texas,06,2214840334,27332985
22,037,00558542,0500000US22037,22037,East Feliciana,East Feliciana Parish,LA,Louisiana,15,1174022934,6150603
22,053,00558039,0500000US22053,22053,Jefferson Davis,Jefferson Davis Parish,LA,Louisiana,15,1687430131,18666917
22,039,00558551,0500000US22039,22039,Evangeline,Evangeline Parish,LA,Louisiana,15,1715687375,44662183
22,009,00558424,0500000US22009,22009,Avoyelles,Avoyelles Parish,LA,Louisiana,15,2154720636,87260610
54,093,01689423,0500000US54093,54093,Tucker,Tucker County,WV,West Virginia,06,1085320044,5303786
50,021,01461767,0500000US50021,50021,Rutland,Rutland County,VT,Vermont,06,2407970501,38745883
51,163,01480166,0500000US51163,51163,Rockbridge,Rockbridge County,VA,Virginia,06,1545040113,8834926
51,145,01674225,0500000US51145,51145,Powhatan,Powhatan County,VA,Virginia,06,673921283,5444168
51,630,01498425,0500000US51630,51630,Fredericksburg,Fredericksburg city,VA,Virginia,25,27066499,178344
51,005,01673675,0500000US51005,51005,Alleghany,Alleghany County,VA,Virginia,06,1156616591,8162741
78,030,02378250,0500000US78030,78030,St. Thomas,St. Thomas Island,VI,United States Virgin Islands,10,81108880,717920922
23,007,00581289,0500000US23007,23007,Franklin,Franklin County,ME,Maine,06,4395220895,121290428
01,101,00161577,0500000US01101,01101,Montgomery,Montgomery County,AL,Alabama,06,2034045843,37716728
51,047,01497831,0500000US51047,51047,Culpeper,Culpeper County,VA,Virginia,06,982089165,9005141
51,003,01675170,0500000US51003,51003,Albemarle,Albemarle County,VA,Virginia,06,1866014147,14223772
13,039,01671316,0500000US13039,13039,Camden,Camden County,GA,Georgia,06,1632622505,392508756
13,033,00347944,0500000US13033,13033,Burke,Burke County,GA,Georgia,06,2142015889,20578826
13,127,01671513,0500000US13127,13127,Glynn,Glynn County,GA,Georgia,06,1086851231,429107116
13,185,00326720,0500000US13185,13185,Lowndes,Lowndes County,GA,Georgia,06,1287842038,34542105
13,105,00347828,0500000US13105,13105,Elbert,Elbert County,GA,Georgia,06,909352136,59863331
37,165,01008585,0500000US37165,37165,Scotland,Scotland County,NC,North Carolina,06,826569986,3842049
36,105,00974150,0500000US36105,36105,Sullivan,Sullivan County,NY,New York,06,2507484145,73737483
36,031,00974114,0500000US36031,36031,Essex,Essex County,NY,New York,06,4646753187,316350557
36,107,00974151,0500000US36107,36107,Tioga,Tioga County,NY,New York,06,1343600014,11044570
48,245,01383908,0500000US48245,48245,Jefferson,Jefferson County,TX,Texas,06,2270802077,610951822
48,373,01383972,0500000US48373,48373,Polk,Polk County,TX,Texas,06,2737733240,136271620
48,427,01383999,0500000US48427,48427,Starr,Starr County,TX,Texas,06,3168019235,15346374
48,157,01383864,0500000US48157,48157,Fort Bend,Fort Bend County,TX,Texas,06,2231836834,60950681
48,481,01384026,0500000US48481,48481,Wharton,Wharton County,TX,Texas,06,2813095080,21310003
48,127,01383849,0500000US48127,48127,Dimmit,Dimmit County,TX,Texas,06,3441795903,14575999
48,175,01383873,0500000US48175,48175,Goliad,Goliad County,TX,Texas,06,2206698612,19050015
48,007,01383789,0500000US48007,48007,Aransas,Aransas County,TX,Texas,06,652856780,714538201
48,015,01383793,0500000US48015,48015,Austin,Austin County,TX,Texas,06,1674415880,25596214
45,003,01247979,0500000US45003,45003,Aiken,Aiken County,SC,South Carolina,06,2773070087,24554643
45,019,01252740,0500000US45019,45019,Charleston,Charleston County,SC,South Carolina,06,2377554566,1139619647
45,041,01248001,0500000US45041,45041,Florence,Florence County,SC,South Carolina,06,2073299557,9766894
45,075,01248014,0500000US45075,45075,Orangeburg,Orangeburg County,SC,South Carolina,06,2865498667,55708305
12,065,00295733,0500000US12065,12065,Jefferson,Jefferson County,FL,Florida,06,1549018611,193063921
12,007,00303634,0500000US12007,12007,Bradford,Bradford County,FL,Florida,06,761362121,16905200
37,017,01026336,0500000US37017,37017,Bladen,Bladen County,NC,North Carolina,06,2266321541,33022256
42,127,01213692,0500000US42127,42127,Wayne,Wayne County,PA,Pennsylvania,06,1879734030,64785676
42,133,01209193,0500000US42133,42133,York,York County,PA,Pennsylvania,06,2342295972,16503210
42,063,01213673,0500000US42063,42063,Indiana,Indiana County,PA,Pennsylvania,06,2142965919,18089072
44,005,01219779,0500000US44005,44005,Newport,Newport County,RI,Rhode Island,06,265293780,547001789
48,001,01383786,0500000US48001,48001,Anderson,Anderson County,TX,Texas,06,2752164828,39845046
48,025,01383798,0500000US48025,48025,Bee,Bee County,TX,Texas,06,2279809487,246409
48,401,01383986,0500000US48401,48401,Rusk,Rusk County,TX,Texas,06,2393663219,37217198
37,143,01025841,0500000US37143,37143,Perquimans,Perquimans County,NC,North Carolina,06,640173980,211755191
54,057,01717890,0500000US54057,54057,Mineral,Mineral County,WV,West Virginia,06,849209714,3466312
28,049,00695748,0500000US28049,28049,Hinds,Hinds County,MS,Mississippi,06,2252888818,19259026
45,005,01247980,0500000US45005,45005,Allendale,Allendale County,SC,South Carolina,06,1056960693,11194313
22,033,00558530,0500000US22033,22033,East Baton Rouge,East Baton Rouge Parish,LA,Louisiana,15,1179744893,38443656
54,065,01557950,0500000US54065,54065,Morgan,Morgan County,WV,West Virginia,06,593295507,1401571
51,073,01480126,0500000US51073,51073,Gloucester,Gloucester County,VA,Virginia,06,564124714,181747503
51,036,01480109,0500000US51036,51036,Charles City,Charles City County,VA,Virginia,06,473711548,55274680
51,595,01498422,0500000US51595,51595,Emporia,Emporia city,VA,Virginia,25,17881071,165621
12,029,00295725,0500000US12029,12029,Dixie,Dixie County,FL,Florida,06,1826029565,876347537
50,025,01461769,0500000US50025,50025,Windham,Windham County,VT,Vermont,06,2034346401,32919838
34,041,00882237,0500000US34041,34041,Warren,Warren County,NJ,New Jersey,06,923435921,15822933
01,063,00161557,0500000US01063,01063,Greene,Greene County,AL,Alabama,06,1675782057,33416141
25,005,00606929,0500000US25005,25005,Bristol,Bristol County,MA,Massachusetts,06,1432553462,357461179
37,139,01026330,0500000US37139,37139,Pasquotank,Pasquotank County,NC,North Carolina,06,587622471,161739148
37,107,01008568,0500000US37107,37107,Lenoir,Lenoir County,NC,North Carolina,06,1033630013,5900299
36,043,00974120,0500000US36043,36043,Herkimer,Herkimer County,NY,New York,06,3655871582,120356396
12,001,00308548,0500000US12001,12001,Alachua,Alachua County,FL,Florida,06,2267883140,241319695
12,083,00306922,0500000US12083,12083,Marion,Marion County,FL,Florida,06,4113993941,192281837
48,391,01383981,0500000US48391,48391,Refugio,Refugio County,TX,Texas,06,1995545557,123688759
48,161,01383866,0500000US48161,48161,Freestone,Freestone County,TX,Texas,06,2273311866,36936963
48,403,01383987,0500000US48403,48403,Sabine,Sabine County,TX,Texas,06,1273523415,219936062
48,457,01384014,0500000US48457,48457,Tyler,Tyler County,TX,Texas,06,2394158684,29093511
48,167,01383869,0500000US48167,48167,Galveston,Galveston County,TX,Texas,06,982346326,1281011355
48,491,01384031,0500000US48491,48491,Williamson,Williamson County,TX,Texas,06,2889993451,41571180
48,061,01383816,0500000US48061,48061,Cameron,Cameron County,TX,Texas,06,2309519001,996418659
12,103,00295745,0500000US12103,12103,Pinellas,Pinellas County,FL,Florida,06,708892951,1525080658
12,041,00303633,0500000US12041,12041,Gilchrist,Gilchrist County,FL,Florida,06,905705571,14362143
09,001,00212794,0500000US09001,09001,Fairfield,Fairfield County,CT,Connecticut,06,1618664029,549280913
10,003,00217270,0500000US10003,10003,New Castle,New Castle County,DE,Delaware,06,1104206946,175316802
12,033,00295737,0500000US12033,12033,Escambia,Escambia County,FL,Florida,06,1701603649,1213972864
72,107,01804534,0500000US72107,72107,Orocovis,Orocovis Municipio,PR,Puerto Rico,13,164788358,402899
36,085,00974141,0500000US36085,36085,Richmond,Richmond County,NY,New York,06,148982680,117441533
23,005,00581288,0500000US23005,23005,Cumberland,Cumberland County,ME,Maine,06,2165803498,987408428
22,117,00559557,0500000US22117,22117,Washington,Washington Parish,LA,Louisiana,15,1734352072,16140411
23,017,00581294,0500000US23017,23017,Oxford,Oxford County,ME,Maine,06,5379294384,255884970
22,125,00559584,0500000US22125,22125,West Feliciana,West Feliciana Parish,LA,Louisiana,15,1044584261,58751920
51,069,01480124,0500000US51069,51069,Frederick,Frederick County,VA,Virginia,06,1070013828,5860365
23,025,00581298,0500000US23025,23025,Somerset,Somerset County,ME,Maine,06,10163811990,437942552
24,005,01695314,0500000US24005,24005,Baltimore,Baltimore County,MD,Maryland,06,1549740654,215957832
24,043,01714220,0500000US24043,24043,Washington,Washington County,MD,Maryland,06,1185592677,24820607
25,021,00606937,0500000US25021,25021,Norfolk,Norfolk County,MA,Massachusetts,06,1025912543,124957891
24,009,01676636,0500000US24009,24009,Calvert,Calvert County,MD,Maryland,06,552158542,341580668
37,013,01026333,0500000US37013,37013,Beaufort,Beaufort County,NC,North Carolina,06,2156776424,336988229
37,101,01026327,0500000US37101,37101,Johnston,Johnston County,NC,North Carolina,06,2051313884,9394347
37,019,01026340,0500000US37019,37019,Brunswick,Brunswick County,NC,North Carolina,06,2201703879,516599618
48,185,01383878,0500000US48185,48185,Grimes,Grimes County,TX,Texas,06,2039528342,36609847
50,027,01461770,0500000US50027,50027,Windsor,Windsor County,VT,Vermont,06,2511727722,19354761
48,091,01383831,0500000US48091,48091,Comal,Comal County,TX,Texas,06,1449171061,39766953
12,053,00295751,0500000US12053,12053,Hernando,Hernando County,FL,Florida,06,1224975810,627928028
25,015,00606934,0500000US25015,25015,Hampshire,Hampshire County,MA,Massachusetts,06,1365527344,46642098
72,023,01804491,0500000US72023,72023,Cabo Rojo,Cabo Rojo Municipio,PR,Puerto Rico,13,182247776,277245345
37,029,01026335,0500000US37029,37029,Camden,Camden County,NC,North Carolina,06,622452109,181109482
22,041,00558557,0500000US22041,22041,Franklin,Franklin Parish,LA,Louisiana,15,1616925546,28050179
54,075,01550044,0500000US54075,54075,Pocahontas,Pocahontas County,WV,West Virginia,06,2435206742,4094092
45,071,01248013,0500000US45071,45071,Newberry,Newberry County,SC,South Carolina,06,1632452022,44011454
22,101,01629492,0500000US22101,22101,St. Mary,St. Mary Parish,LA,Louisiana,15,1439626085,1460444966
51,175,01480171,0500000US51175,51175,Southampton,Southampton County,VA,Virginia,06,1551909772,8090234
51,179,01480173,0500000US51179,51179,Stafford,Stafford County,VA,Virginia,06,697237751,28087427
51,127,01480150,0500000US51127,51127,New Kent,New Kent County,VA,Virginia,06,543988863,35597682
13,091,00348116,0500000US13091,13091,Dodge,Dodge County,GA,Georgia,06,1284538002,18529136
13,163,00345714,0500000US13163,13163,Jefferson,Jefferson County,GA,Georgia,06,1363771357,8059597
13,051,01694477,0500000US13051,13051,Chatham,Chatham County,GA,Georgia,06,1121772804,509852786
13,289,00345456,0500000US13289,13289,Twiggs,Twiggs County,GA,Georgia,06,930478093,8740237
01,023,00161537,0500000US01023,01023,Choctaw,Choctaw County,AL,Alabama,06,2365900081,19114321
51,187,01674058,0500000US51187,51187,Warren,Warren County,VA,Virginia,06,555804005,8578483
01,069,00161560,0500000US01069,01069,Houston,Houston County,AL,Alabama,06,1501742239,4795415
22,105,00559500,0500000US22105,22105,Tangipahoa,Tangipahoa Parish,LA,Louisiana,15,2049124442,136690438
37,061,01026132,0500000US37061,37061,Duplin,Duplin County,NC,North Carolina,06,2110115795,14237879
37,051,01026124,0500000US37051,37051,Cumberland,Cumberland County,NC,North Carolina,06,1690112815,15336702
12,131,00295727,0500000US12131,12131,Walton,Walton County,FL,Florida,06,2689165614,961289588
48,041,01383806,0500000US48041,48041,Brazos,Brazos County,TX,Texas,06,1518090937,13210254
48,489,01384030,0500000US48489,48489,Willacy,Willacy County,TX,Texas,06,1529652214,502884780
45,081,01248016,0500000US45081,45081,Saluda,Saluda County,SC,South Carolina,06,1172525912,23102511
45,065,01248012,0500000US45065,45065,McCormick,McCormick County,SC,South Carolina,06,929457509,89976619
54,031,01718557,0500000US54031,54031,Hardy,Hardy County,WV,West Virginia,06,1508190150,5624064
72,127,01804544,0500000US72127,72127,San Juan,San Juan Municipio,PR,Puerto Rico,13,124029902,75277895
51,085,01480132,0500000US51085,51085,Hanover,Hanover County,VA,Virginia,06,1211145331,12703282
34,013,00882276,0500000US34013,34013,Essex,Essex County,NJ,New Jersey,06,326557433,8638155
13,029,00350496,0500000US13029,13029,Bryan,Bryan County,GA,Georgia,06,1133280746,43754751
13,305,00350608,0500000US13305,13305,Wayne,Wayne County,GA,Georgia,06,1662287070,17768149
37,085,01008560,0500000US37085,37085,Harnett,Harnett County,NC,North Carolina,06,1540870386,16294103
22,057,00558065,0500000US22057,22057,Lafourche,Lafourche Parish,LA,Louisiana,15,2765571303,1037643577
51,117,01500747,0500000US51117,51117,Mecklenburg,Mecklenburg County,VA,Virginia,06,1619544367,139655804
24,011,00595737,0500000US24011,24011,Caroline,Caroline County,MD,Maryland,06,827350254,16777066
42,029,01209174,0500000US42029,42029,Chester,Chester County,PA,Pennsylvania,06,1943905797,22412288
42,017,01209173,0500000US42017,42017,Bucks,Bucks County,PA,Pennsylvania,06,1565303838,45293815
48,283,01383924,0500000US48283,48283,La Salle,La Salle County,TX,Texas,06,3850545747,19503739
48,239,01383905,0500000US48239,48239,Jackson,Jackson County,TX,Texas,06,2148246693,71039573
45,025,01247989,0500000US45025,45025,Chesterfield,Chesterfield County,SC,South Carolina,06,2069364013,17265236
22,097,01629479,0500000US22097,22097,St. Landry,St. Landry Parish,LA,Louisiana,15,2393224007,39013551
28,109,00695777,0500000US28109,28109,Pearl River,Pearl River County,MS,Mississippi,06,2101307249,20783013
51,011,01497238,0500000US51011,51011,Appomattox,Appomattox County,VA,Virginia,06,865635017,3206454
51,095,01480135,0500000US51095,51095,James City,James City County,VA,Virginia,06,368550683,95239463
34,039,00882235,0500000US34039,34039,Union,Union County,NJ,New Jersey,06,266163567,6847407
13,133,00348672,0500000US13133,13133,Greene,Greene County,GA,Georgia,06,1003664492,48417220
13,075,00343878,0500000US13075,13075,Cook,Cook County,GA,Georgia,06,591684405,12308449
51,059,01480119,0500000US51059,51059,Fairfax,Fairfax County,VA,Virginia,06,1012739503,40071739
37,091,01026127,0500000US37091,37091,Hertford,Hertford County,NC,North Carolina,06,914689325,18737418
37,153,01008581,0500000US37153,37153,Richmond,Richmond County,NC,North Carolina,06,1226849523,15575098
42,129,01209191,0500000US42129,42129,Westmoreland,Westmoreland County,PA,Pennsylvania,06,2661762744,21294228
54,023,01697238,0500000US54023,54023,Grant,Grant County,WV,West Virginia,06,1236387822,7546060
45,091,01248019,0500000US45091,45091,York,York County,SC,South Carolina,06,1763868718,39013276
51,199,01480182,0500000US51199,51199,York,York County,VA,Virginia,06,271190280,285635878
37,125,01008573,0500000US37125,37125,Moore,Moore County,NC,North Carolina,06,1806983006,20712954
37,131,01008575,0500000US37131,37131,Northampton,Northampton County,NC,North Carolina,06,1390032558,35891384
28,089,00695768,0500000US28089,28089,Madison,Madison County,MS,Mississippi,06,1850178949,71697237
48,355,01383963,0500000US48355,48355,Nueces,Nueces County,TX,Texas,06,2173169293,845316413
48,469,01384020,0500000US48469,48469,Victoria,Victoria County,TX,Texas,06,2284644884,17425944
45,059,01248009,0500000US45059,45059,Laurens,Laurens County,SC,South Carolina,06,1846324508,26063893
37,095,01008564,0500000US37095,37095,Hyde,Hyde County,NC,North Carolina,06,1585966933,2192929400
22,085,00559489,0500000US22085,22085,Sabine,Sabine Parish,LA,Louisiana,15,2244547678,375313525
28,021,00695735,0500000US28021,28021,Claiborne,Claiborne County,MS,Mississippi,06,1262400025,35711134
48,261,01383916,0500000US48261,48261,Kenedy,Kenedy County,TX,Texas,06,3777657843,1261927310
13,107,00347508,0500000US13107,13107,Emanuel,Emanuel County,GA,Georgia,06,1762679431,24889123
37,037,01008544,0500000US37037,37037,Chatham,Chatham County,NC,North Carolina,06,1765540358,70582736
01,047,00161549,0500000US01047,01047,Dallas,Dallas County,AL,Alabama,06,2534919608,39124778
22,011,00558436,0500000US22011,22011,Beauregard,Beauregard Parish,LA,Louisiana,15,2997852789,21944259
24,027,01709077,0500000US24027,24027,Howard,Howard County,MD,Maryland,06,649956422,6336170
42,041,01209176,0500000US42041,42041,Cumberland,Cumberland County,PA,Pennsylvania,06,1412785599,12511257
12,037,00306911,0500000US12037,12037,Franklin,Franklin County,FL,Florida,06,1411498965,2270440522
22,077,00559449,0500000US22077,22077,Pointe Coupee,Pointe Coupee Parish,LA,Louisiana,15,1442300231,86716680
22,021,00558477,0500000US22021,22021,Caldwell,Caldwell Parish,LA,Louisiana,15,1372098436,29104196
13,271,00356958,0500000US13271,13271,Telfair,Telfair County,GA,Georgia,06,1132621093,17356399
13,191,00356886,0500000US13191,13191,McIntosh,McIntosh County,GA,Georgia,06,1117201986,369164686
45,015,01247985,0500000US45015,45015,Berkeley,Berkeley County,SC,South Carolina,06,2858362692,337375088
22,059,00558049,0500000US22059,22059,LaSalle,LaSalle Parish,LA,Louisiana,15,1618363236,97655624
12,023,00306909,0500000US12023,12023,Columbia,Columbia County,FL,Florida,06,2065648312,9755972
24,031,01712500,0500000US24031,24031,Montgomery,Montgomery County,MD,Maryland,06,1277148686,35731155
13,009,00345255,0500000US13009,13009,Baldwin,Baldwin County,GA,Georgia,06,670025212,24806035
13,181,01688000,0500000US13181,13181,Lincoln,Lincoln County,GA,Georgia,06,544884775,121513274
24,019,00596495,0500000US24019,24019,Dorchester,Dorchester County,MD,Maryland,06,1400573746,1145353068
37,159,01008583,0500000US37159,37159,Rowan,Rowan County,NC,North Carolina,06,1325058763,31968195
12,039,00306918,0500000US12039,12039,Gadsden,Gadsden County,FL,Florida,06,1337405283,31475262
50,017,01461765,0500000US50017,50017,Orange,Orange County,VT,Vermont,06,1779816925,12026595
48,339,01383955,0500000US48339,48339,Montgomery,Montgomery County,TX,Texas,06,2699237142,89879828
48,241,01383906,0500000US48241,48241,Jasper,Jasper County,TX,Texas,06,2431105358,80399907
36,091,00974143,0500000US36091,36091,Saratoga,Saratoga County,NY,New York,06,2097880439,87571790
13,069,00347456,0500000US13069,13069,Coffee,Coffee County,GA,Georgia,06,1533972030,26884091
13,071,00343936,0500000US13071,13071,Colquitt,Colquitt County,GA,Georgia,06,1416818773,24869747
13,161,01687999,0500000US13161,13161,Jeff Davis,Jeff Davis County,GA,Georgia,06,857075892,11600966
13,093,00351608,0500000US13093,13093,Dooly,Dooly County,GA,Georgia,06,1016908646,12141885
28,157,00695799,0500000US28157,28157,Wilkinson,Wilkinson County,MS,Mississippi,06,1756287539,25018736
45,009,01247982,0500000US45009,45009,Bamberg,Bamberg County,SC,South Carolina,06,1018815104,5686290
13,303,00348428,0500000US13303,13303,Washington,Washington County,GA,Georgia,06,1757373959,15099021
51,079,01480129,0500000US51079,51079,Greene,Greene County,VA,Virginia,06,403900921,1680243
51,053,01690739,0500000US51053,51053,Dinwiddie,Dinwiddie County,VA,Virginia,06,1305057845,8988308
10,005,00217269,0500000US10005,10005,Sussex,Sussex County,DE,Delaware,06,2424633517,674085951
34,003,00882271,0500000US34003,34003,Bergen,Bergen County,NJ,New Jersey,06,602918754,35387155
23,031,00581301,0500000US23031,23031,York,York County,ME,Maine,06,2567159622,721379327
37,057,01008548,0500000US37057,37057,Davidson,Davidson County,NC,North Carolina,06,1432724907,37608507
13,267,00347445,0500000US13267,13267,Tattnall,Tattnall County,GA,Georgia,06,1245369512,19447412
45,029,01247991,0500000US45029,45029,Colleton,Colleton County,SC,South Carolina,06,2736331638,198865069
54,071,01550042,0500000US54071,54071,Pendleton,Pendleton County,WV,West Virginia,06,1802760298,5428393
48,225,01383898,0500000US48225,48225,Houston,Houston County,TX,Texas,06,3188278907,14435337
48,361,01383966,0500000US48361,48361,Orange,Orange County,TX,Texas,06,864501044,118476459
12,075,00295724,0500000US12075,12075,Levy,Levy County,FL,Florida,06,2896183121,1224372357
12,005,00295738,0500000US12005,12005,Bay,Bay County,FL,Florida,06,1964874034,1833915193
24,021,01711211,0500000US24021,24021,Frederick,Frederick County,MD,Maryland,06,1710921853,17674490
45,053,01248006,0500000US45053,45053,Jasper,Jasper County,SC,South Carolina,06,1696857613,120228675
37,137,01023355,0500000US37137,37137,Pamlico,Pamlico County,NC,North Carolina,06,871570771,583036551
13,321,00343365,0500000US13321,13321,Worth,Worth County,GA,Georgia,06,1478137692,10471700
51,660,01498563,0500000US51660,51660,Harrisonburg,Harrisonburg city,VA,Virginia,25,44908386,131080
51,025,01493961,0500000US51025,51025,Brunswick,Brunswick County,VA,Virginia,06,1466538251,8383474
33,001,00873174,0500000US33001,33001,Belknap,Belknap County,NH,New Hampshire,06,1040779615,176541257
51,135,01493928,0500000US51135,51135,Nottoway,Nottoway County,VA,Virginia,06,814265583,4297830
23,029,00581300,0500000US23029,23029,Washington,Washington County,ME,Maine,06,6637440977,1799875488
25,001,00606927,0500000US25001,25001,Barnstable,Barnstable County,MA,Massachusetts,06,1021028238,2360307750
37,001,01008531,0500000US37001,37001,Alamance,Alamance County,NC,North Carolina,06,1096735775,27940817
37,049,01026123,0500000US37049,37049,Craven,Craven County,NC,North Carolina,06,1830014545,172777667
37,073,01026126,0500000US37073,37073,Gates,Gates County,NC,North Carolina,06,882181709,13292008
25,003,00606928,0500000US25003,25003,Berkshire,Berkshire County,MA,Massachusetts,06,2400599906,50694129
13,023,00347451,0500000US13023,13023,Bleckley,Bleckley County,GA,Georgia,06,559106468,8441079
13,235,00347593,0500000US13235,13235,Pulaski,Pulaski County,GA,Georgia,06,645583957,5046606
72,143,01804552,0500000US72143,72143,Vega Alta,Vega Alta Municipio,PR,Puerto Rico,13,71816310,25307600
72,019,01804489,0500000US72019,72019,Barranquitas,Barranquitas Municipio,PR,Puerto Rico,13,88714042,77812
28,005,00695727,0500000US28005,28005,Amite,Amite County,MS,Mississippi,06,1890950868,3877823
28,131,00695786,0500000US28131,28131,Stone,Stone County,MS,Mississippi,06,1153800120,6712351
13,197,00344107,0500000US13197,13197,Marion,Marion County,GA,Georgia,06,947209658,3790127
72,099,01804530,0500000US72099,72099,Moca,Moca Municipio,PR,Puerto Rico,13,130383565,56474
72,139,01804550,0500000US72139,72139,Trujillo Alto,Trujillo Alto Municipio,PR,Puerto Rico,13,53763401,1615332
28,101,00695773,0500000US28101,28101,Newton,Newton County,MS,Mississippi,06,1496417775,4525334
28,069,00695758,0500000US28069,28069,Kemper,Kemper County,MS,Mississippi,06,1984403150,2182350
13,101,00348092,0500000US13101,13101,Echols,Echols County,GA,Georgia,06,1088849471,809587
13,193,00346957,0500000US13193,13193,Macon,Macon County,GA,Georgia,06,1037709945,13841916
72,053,01804506,0500000US72053,72053,Fajardo,Fajardo Municipio,PR,Puerto Rico,13,77448650,195352769
23,019,00581295,0500000US23019,23019,Penobscot,Penobscot County,ME,Maine,06,8798699726,413983093
13,287,00343238,0500000US13287,13287,Turner,Turner County,GA,Georgia,06,739227758,11818093
72,057,01804509,0500000US72057,72057,Guayama,Guayama Municipio,PR,Puerto Rico,13,168461119,108194654
51,125,01500936,0500000US51125,51125,Nelson,Nelson County,VA,Virginia,06,1219224542,8983980
51,111,01492239,0500000US51111,51111,Lunenburg,Lunenburg County,VA,Virginia,06,1118097708,1743628
51,600,01789070,0500000US51600,51600,Fairfax,Fairfax city,VA,Virginia,25,16162728,84155
51,620,01498424,0500000US51620,51620,Franklin,Franklin city,VA,Virginia,25,21438217,227442
37,077,01008556,0500000US37077,37077,Granville,Granville County,NC,North Carolina,06,1377850210,14503653
37,191,01026128,0500000US37191,37191,Wayne,Wayne County,NC,North Carolina,06,1434651139,9842326
51,735,01498436,0500000US51735,51735,Poquoson,Poquoson city,VA,Virginia,25,39773690,163429842
51,530,01498417,0500000US51530,51530,Buena Vista,Buena Vista city,VA,Virginia,25,16674752,219579
13,253,00351263,0500000US13253,13253,Seminole,Seminole County,GA,Georgia,06,615233530,49243434
13,243,00352242,0500000US13243,13243,Randolph,Randolph County,GA,Georgia,06,1109126227,6830041
34,037,00882236,0500000US34037,34037,Sussex,Sussex County,NJ,New Jersey,06,1343325260,43712954
13,125,00345642,0500000US13125,13125,Glascock,Glascock County,GA,Georgia,06,372299245,1832723
12,051,00307626,0500000US12051,12051,Hendry,Hendry County,FL,Florida,06,2993896403,86578552
51,049,01494109,0500000US51049,51049,Cumberland,Cumberland County,VA,Virginia,06,770454314,5917833
13,065,00351285,0500000US13065,13065,Clinch,Clinch County,GA,Georgia,06,2110829175,23303279
22,007,00558414,0500000US22007,22007,Assumption,Assumption Parish,LA,Louisiana,15,891009958,67104891
13,081,00351607,0500000US13081,13081,Crisp,Crisp County,GA,Georgia,06,706236802,21409235
48,505,01384038,0500000US48505,48505,Zapata,Zapata County,TX,Texas,06,2585876042,154371160
28,085,00695766,0500000US28085,28085,Lincoln,Lincoln County,MS,Mississippi,06,1518269755,5291052
13,131,00351261,0500000US13131,13131,Grady,Grady County,GA,Georgia,06,1177051414,15026665
72,059,01804510,0500000US72059,72059,Guayanilla,Guayanilla Municipio,PR,Puerto Rico,13,109480383,56911386
72,005,01804482,0500000US72005,72005,Aguadilla,Aguadilla Municipio,PR,Puerto Rico,13,94618010,101127672
28,129,00695785,0500000US28129,28129,Smith,Smith County,MS,Mississippi,06,1647926077,2599432
28,153,00695797,0500000US28153,28153,Wayne,Wayne County,MS,Mississippi,06,2099745602,7255476
28,067,00695757,0500000US28067,28067,Jones,Jones County,MS,Mississippi,06,1799639020,12681687
72,063,01804512,0500000US72063,72063,Gurabo,Gurabo Municipio,PR,Puerto Rico,13,72220854,1108806
72,121,01804541,0500000US72121,72121,Sabana Grande,Sabana Grande Municipio,PR,Puerto Rico,13,94050243,25323
48,479,01384025,0500000US48479,48479,Webb,Webb County,TX,Texas,06,8706187279,36554555
12,085,00308550,0500000US12085,12085,Martin,Martin County,FL,Florida,06,1408491293,542091557
42,069,01213675,0500000US42069,42069,Lackawanna,Lackawanna County,PA,Pennsylvania,06,1188837920,15915780
42,117,01209189,0500000US42117,42117,Tioga,Tioga County,PA,Pennsylvania,06,2936540901,8279675
42,025,01213664,0500000US42025,42025,Carbon,Carbon County,PA,Pennsylvania,06,987623689,15827992
42,009,01209171,0500000US42009,42009,Bedford,Bedford County,PA,Pennsylvania,06,2621693106,12005858
44,001,01219777,0500000US44001,44001,Bristol,Bristol County,RI,Rhode Island,06,62500772,53359134
54,101,01550057,0500000US54101,54101,Webster,Webster County,WV,West Virginia,06,1433479488,7146543
01,061,00161556,0500000US01061,01061,Geneva,Geneva County,AL,Alabama,06,1487908432,11567409
13,005,00344784,0500000US13005,13005,Bacon,Bacon County,GA,Georgia,06,735770219,4506310
01,081,00161566,0500000US01081,01081,Lee,Lee County,AL,Alabama,06,1573528082,21515484
50,023,01461768,0500000US50023,50023,Washington,Washington County,VT,Vermont,06,1778229393,21169489
36,001,00974099,0500000US36001,36001,Albany,Albany County,NY,New York,06,1354273421,26971925
48,255,01383913,0500000US48255,48255,Karnes,Karnes County,TX,Texas,06,1936669678,15010315
48,347,01383959,0500000US48347,48347,Nacogdoches,Nacogdoches County,TX,Texas,06,2450966944,89731149
36,035,00974116,0500000US36035,36035,Fulton,Fulton County,NY,New York,06,1283234687,96916403
36,007,00974102,0500000US36007,36007,Broome,Broome County,NY,New York,06,1827594819,25109986
36,041,00974119,0500000US36041,36041,Hamilton,Hamilton County,NY,New York,06,4447989312,234204424
12,019,00295726,0500000US12019,12019,Clay,Clay County,FL,Florida,06,1565935901,100834764
12,087,00295759,0500000US12087,12087,Monroe,Monroe County,FL,Florida,06,2546067521,11153842007
45,037,01247999,0500000US45037,45037,Edgefield,Edgefield County,SC,South Carolina,06,1296833562,16298644
45,085,01244717,0500000US45085,45085,Sumter,Sumter County,SC,South Carolina,06,1722544862,44046815
45,089,01248018,0500000US45089,45089,Williamsburg,Williamsburg County,SC,South Carolina,06,2419477521,7461492
12,021,00295754,0500000US12021,12021,Collier,Collier County,FL,Florida,06,5172076456,1575209325
48,365,01383968,0500000US48365,48365,Panola,Panola County,TX,Texas,06,2101400900,25810623
48,145,01383858,0500000US48145,48145,Falls,Falls County,TX,Texas,06,1982623099,21693053
36,095,00974145,0500000US36095,36095,Schoharie,Schoharie County,NY,New York,06,1610503552,11676951
12,073,00306916,0500000US12073,12073,Leon,Leon County,FL,Florida,06,1731224399,86410055
12,086,00295755,0500000US12086,12086,Miami-Dade,Miami-Dade County,FL,Florida,06,4920728991,1267583864
09,015,00212801,0500000US09015,09015,Windham,Windham County,CT,Connecticut,06,1328477629,21478813
12,027,00294452,0500000US12027,12027,DeSoto,DeSoto County,FL,Florida,06,1649031791,6243548
12,115,00295741,0500000US12115,12115,Sarasota,Sarasota County,FL,Florida,06,1440039085,1086628535
48,291,01383931,0500000US48291,48291,Liberty,Liberty County,TX,Texas,06,3000121460,46620495
48,027,01383799,0500000US48027,48027,Bell,Bell County,TX,Texas,06,2729409784,94384056
12,061,00307624,0500000US12061,12061,Indian River,Indian River County,FL,Florida,06,1302272805,295509938
13,155,00352302,0500000US13155,13155,Irwin,Irwin County,GA,Georgia,06,917795237,21756147
48,325,01383948,0500000US48325,48325,Medina,Medina County,TX,Texas,06,3432666210,23759762
36,111,00974153,0500000US36111,36111,Ulster,Ulster County,NY,New York,06,2911757764,94596811
13,043,00342852,0500000US13043,13043,Candler,Candler County,GA,Georgia,06,629520841,15018189
12,043,00295743,0500000US12043,12043,Glades,Glades County,FL,Florida,06,2089659345,467293938
42,057,01213671,0500000US42057,42057,Fulton,Fulton County,PA,Pennsylvania,06,1133252795,1305486
12,067,00295732,0500000US12067,12067,Lafayette,Lafayette County,FL,Florida,06,1407256302,11817999
48,247,01383909,0500000US48247,48247,Jim Hogg,Jim Hogg County,TX,Texas,06,2942674729,92565
48,021,01383796,0500000US48021,48021,Bastrop,Bastrop County,TX,Texas,06,2300500049,19009784
72,041,01804500,0500000US72041,72041,Cidra,Cidra Municipio,PR,Puerto Rico,13,93297945,1120363
72,069,01804515,0500000US72069,72069,Humacao,Humacao Municipio,PR,Puerto Rico,13,115818102,69100039
72,085,01804523,0500000US72085,72085,Las Piedras,Las Piedras Municipio,PR,Puerto Rico,13,87748418,32509
72,025,01804492,0500000US72025,72025,Caguas,Caguas Municipio,PR,Puerto Rico,13,151783110,1201073
42,075,01214034,0500000US42075,42075,Lebanon,Lebanon County,PA,Pennsylvania,06,937148912,1722125
48,131,01383851,0500000US48131,48131,Duval,Duval County,TX,Texas,06,4645084668,5478267
01,031,00161541,0500000US01031,01031,Coffee,Coffee County,AL,Alabama,06,1758565928,3907189
48,089,01383830,0500000US48089,48089,Colorado,Colorado County,TX,Texas,06,2487142713,34691168
48,285,01383928,0500000US48285,48285,Lavaca,Lavaca County,TX,Texas,06,2511535248,1882216
01,011,00161531,0500000US01011,01011,Bullock,Bullock County,AL,Alabama,06,1613083467,6030667
50,005,01461759,0500000US50005,50005,Caledonia,Caledonia County,VT,Vermont,06,1680273211,22375999
36,039,00974118,0500000US36039,36039,Greene,Greene County,NY,New York,06,1676140499,28201061
37,063,01008550,0500000US37063,37063,Durham,Durham County,NC,North Carolina,06,742095312,29365150
33,003,00873175,0500000US33003,33003,Carroll,Carroll County,NH,New Hampshire,06,2413515434,159620276
37,135,01008576,0500000US37135,37135,Orange,Orange County,NC,North Carolina,06,1029673918,8806896
42,119,01213689,0500000US42119,42119,Union,Union County,PA,Pennsylvania,06,818313044,4622034
42,107,01213685,0500000US42107,42107,Schuylkill,Schuylkill County,PA,Pennsylvania,06,2016509909,10820294
42,115,01213688,0500000US42115,42115,Susquehanna,Susquehanna County,PA,Pennsylvania,06,2132849539,22384976
42,077,01209182,0500000US42077,42077,Lehigh,Lehigh County,PA,Pennsylvania,06,894405982,7476005
42,037,01213665,0500000US42037,42037,Columbia,Columbia County,PA,Pennsylvania,06,1251512004,18600496
24,045,01668606,0500000US24045,24045,Wicomico,Wicomico County,MD,Maryland,06,969767208,66764613
22,087,01629542,0500000US22087,22087,St. Bernard,St. Bernard Parish,LA,Louisiana,15,977762466,4604191570
51,115,01480145,0500000US51115,51115,Mathews,Mathews County,VA,Virginia,06,222508058,430071655
23,009,00581290,0500000US23009,23009,Hancock,Hancock County,ME,Maine,06,4110642800,1962698999
51,013,01480097,0500000US51013,51013,Arlington,Arlington County,VA,Virginia,06,67332990,273562
51,510,01498415,0500000US51510,51510,Alexandria,Alexandria city,VA,Virginia,25,38682337,1069028
25,023,00606938,0500000US25023,25023,Plymouth,Plymouth County,MA,Massachusetts,06,1705512311,1126103085
37,081,01008558,0500000US37081,37081,Guilford,Guilford County,NC,North Carolina,06,1672930669,30338415
28,079,00695763,0500000US28079,28079,Leake,Leake County,MS,Mississippi,06,1509697192,6376466
28,111,00695778,0500000US28111,28111,Perry,Perry County,MS,Mississippi,06,1676452290,7561701
28,023,00695736,0500000US28023,28023,Clarke,Clarke County,MS,Mississippi,06,1791173034,5073931
72,129,01804545,0500000US72129,72129,San Lorenzo,San Lorenzo Municipio,PR,Puerto Rico,13,137547962,256428
72,015,01804487,0500000US72015,72015,Arroyo,Arroyo Municipio,PR,Puerto Rico,13,38872745,53456650
28,075,00695761,0500000US28075,28075,Lauderdale,Lauderdale County,MS,Mississippi,06,1822508248,29730521
72,073,01804517,0500000US72073,72073,Jayuya,Jayuya Municipio,PR,Puerto Rico,13,115340542,3091
72,111,01804536,0500000US72111,72111,Pe単uelas,Pe単uelas Municipio,PR,Puerto Rico,13,115558559,60210081
13,099,00345041,0500000US13099,13099,Early,Early County,GA,Georgia,06,1327626625,9702715
13,239,00350547,0500000US13239,13239,Quitman,Quitman County,GA,Georgia,06,391703076,24158295
28,073,00695760,0500000US28073,28073,Lamar,Lamar County,MS,Mississippi,06,1286109795,8871408
28,041,00695745,0500000US28041,28041,Greene,Greene County,MS,Mississippi,06,1845983898,15430619
28,099,00695772,0500000US28099,28099,Neshoba,Neshoba County,MS,Mississippi,06,1476641121,3830971
72,089,01804525,0500000US72089,72089,Luquillo,Luquillo Municipio,PR,Puerto Rico,13,66851396,53659425
54,091,01689856,0500000US54091,54091,Taylor,Taylor County,WV,West Virginia,06,447475053,7532835
28,127,00695784,0500000US28127,28127,Simpson,Simpson County,MS,Mississippi,06,1525930873,3378528
28,031,00695740,0500000US28031,28031,Covington,Covington County,MS,Mississippi,06,1071784952,2880713
51,760,01789073,0500000US51760,51760,Richmond,Richmond city,VA,Virginia,25,155205067,6849165
50,011,01461762,0500000US50011,50011,Franklin,Franklin County,VT,Vermont,06,1633443915,150143028
72,009,01804484,0500000US72009,72009,Aibonito,Aibonito Municipio,PR,Puerto Rico,13,81094467,71893
72,115,01804538,0500000US72115,72115,Quebradillas,Quebradillas Municipio,PR,Puerto Rico,13,58747704,30224116
28,037,00695743,0500000US28037,28037,Franklin,Franklin County,MS,Mississippi,06,1460658822,7250805
28,065,00695756,0500000US28065,28065,Jefferson Davis,Jefferson Davis County,MS,Mississippi,06,1057871277,1791496
51,730,01498435,0500000US51730,51730,Petersburg,Petersburg city,VA,Virginia,25,58845730,577678
28,147,00695794,0500000US28147,28147,Walthall,Walthall County,MS,Mississippi,06,1046169275,1236552
72,055,01804508,0500000US72055,72055,Gu叩nica,Gu叩nica Municipio,PR,Puerto Rico,13,95960072,109853143
51,710,01498557,0500000US51710,51710,Norfolk,Norfolk city,VA,Virginia,25,137981431,111701531
51,670,01498428,0500000US51670,51670,Hopewell,Hopewell city,VA,Virginia,25,26817673,1228128
51,570,01498420,0500000US51570,51570,Colonial Heights,Colonial Heights city,VA,Virginia,25,19475360,709877
22,023,00558488,0500000US22023,22023,Cameron,Cameron Parish,LA,Louisiana,15,3327199807,1688890197
13,299,00357722,0500000US13299,13299,Ware,Ware County,GA,Georgia,06,2329026445,22649478
23,011,00581291,0500000US23011,23011,Kennebec,Kennebec County,ME,Maine,06,2246739614,216791008
23,001,00581286,0500000US23001,23001,Androscoggin,Androscoggin County,ME,Maine,06,1211990523,75546580
72,077,01804519,0500000US72077,72077,Juncos,Juncos Municipio,PR,Puerto Rico,13,68609110,323994
24,510,01702381,0500000US24510,24510,Baltimore,Baltimore city,MD,Maryland,25,209649327,28758743
25,007,00606930,0500000US25007,25007,Dukes,Dukes County,MA,Massachusetts,06,267292993,1004291414
37,151,01008580,0500000US37151,37151,Randolph,Randolph County,NC,North Carolina,06,2026242785,19753287
72,137,01804549,0500000US72137,72137,Toa Baja,Toa Baja Municipio,PR,Puerto Rico,13,60201711,48075983
72,061,01804511,0500000US72061,72061,Guaynabo,Guaynabo Municipio,PR,Puerto Rico,13,71444633,468303
01,087,00161569,0500000US01087,01087,Macon,Macon County,AL,Alabama,06,1576435594,11765508
37,181,01008591,0500000US37181,37181,Vance,Vance County,NC,North Carolina,06,653701481,42190675
72,079,01804520,0500000US72079,72079,Lajas,Lajas Municipio,PR,Puerto Rico,13,155287830,106643202
72,049,01804504,0500000US72049,72049,Culebra,Culebra Municipio,PR,Puerto Rico,13,30161189,407112670
01,021,00161536,0500000US01021,01021,Chilton,Chilton County,AL,Alabama,06,1794438835,20592116
51,041,01480111,0500000US51041,51041,Chesterfield,Chesterfield County,VA,Virginia,06,1096874571,34967238
13,251,00350204,0500000US13251,13251,Screven,Screven County,GA,Georgia,06,1672556593,26135835
13,309,00351278,0500000US13309,13309,Wheeler,Wheeler County,GA,Georgia,06,765314383,12377032
72,135,01804548,0500000US72135,72135,Toa Alta,Toa Alta Municipio,PR,Puerto Rico,13,69972569,1405465
72,003,01804481,0500000US72003,72003,Aguada,Aguada Municipio,PR,Puerto Rico,13,79923637,38025989
28,077,00695762,0500000US28077,28077,Lawrence,Lawrence County,MS,Mississippi,06,1115254005,13188412
28,113,00711758,0500000US28113,28113,Pike,Pike County,MS,Mississippi,06,1059783761,3907959
72,131,01804546,0500000US72131,72131,San Sebasti叩n,San Sebasti叩n Municipio,PR,Puerto Rico,13,182394907,2060665
72,087,01804524,0500000US72087,72087,Lo鱈za,Lo鱈za Municipio,PR,Puerto Rico,13,50179423,119730395
48,149,01383860,0500000US48149,48149,Fayette,Fayette County,TX,Texas,06,2460316903,25574662
13,109,00345923,0500000US13109,13109,Evans,Evans County,GA,Georgia,06,473694905,10295112
72,149,01804555,0500000US72149,72149,Villalba,Villalba Municipio,PR,Puerto Rico,13,92298569,3622640
72,065,01804513,0500000US72065,72065,Hatillo,Hatillo Municipio,PR,Puerto Rico,13,108200655,43988738
45,011,01247983,0500000US45011,45011,Barnwell,Barnwell County,SC,South Carolina,06,1420294945,23008122
42,113,01213687,0500000US42113,42113,Sullivan,Sullivan County,PA,Pennsylvania,06,1165337409,6617028
13,259,00347360,0500000US13259,13259,Stewart,Stewart County,GA,Georgia,06,1188153054,12598484
50,015,01461764,0500000US50015,50015,Lamoille,Lamoille County,VT,Vermont,06,1197230858,12696348
72,093,01804527,0500000US72093,72093,Maricao,Maricao Municipio,PR,Puerto Rico,13,94851744,12487
72,001,01804480,0500000US72001,72001,Adjuntas,Adjuntas Municipio,PR,Puerto Rico,13,172725726,1051789
51,183,01690257,0500000US51183,51183,Sussex,Sussex County,VA,Virginia,06,1269679003,6740704
51,650,01498554,0500000US51650,51650,Hampton,Hampton city,VA,Virginia,25,133282615,219667964
72,029,01804494,0500000US72029,72029,Can坦vanas,Can坦vanas Municipio,PR,Puerto Rico,13,85130271,362179
51,740,01498556,0500000US51740,51740,Portsmouth,Portsmouth city,VA,Virginia,25,86248205,34658275
51,840,01789077,0500000US51840,51840,Winchester,Winchester city,VA,Virginia,25,23809500,54462
51,685,01498431,0500000US51685,51685,Manassas Park,Manassas Park city,VA,Virginia,25,7857548,1609
12,035,00308547,0500000US12035,12035,Flagler,Flagler County,FL,Florida,06,1259255278,219183435
42,011,01209172,0500000US42011,42011,Berks,Berks County,PA,Pennsylvania,06,2218072312,24220127
13,037,00344074,0500000US13037,13037,Calhoun,Calhoun County,GA,Georgia,06,726191502,8271470
51,550,01498558,0500000US51550,51550,Chesapeake,Chesapeake city,VA,Virginia,25,876598055,32349712
51,540,01789068,0500000US51540,51540,Charlottesville,Charlottesville city,VA,Virginia,25,26534611,46120
51,830,01789076,0500000US51830,51830,Williamsburg,Williamsburg city,VA,Virginia,25,23149770,416905
13,087,00352234,0500000US13087,13087,Decatur,Decatur County,GA,Georgia,06,1546842840,67154651
12,081,00295744,0500000US12081,12081,Manatee,Manatee County,FL,Florida,06,1923744062,573084803
22,121,00559570,0500000US22121,22121,West Baton Rouge,West Baton Rouge Parish,LA,Louisiana,15,498174685,29604699
72,081,01804521,0500000US72081,72081,Lares,Lares Municipio,PR,Puerto Rico,13,159155345,485277
72,021,01804490,0500000US72021,72021,Bayam坦n,Bayam坦n Municipio,PR,Puerto Rico,13,114929981,481785
22,003,00558397,0500000US22003,22003,Allen,Allen Parish,LA,Louisiana,15,1973788820,10457653
72,151,01804556,0500000US72151,72151,Yabucoa,Yabucoa Municipio,PR,Puerto Rico,13,143005188,72592515
22,095,01629472,0500000US22095,22095,St. John the Baptist,St. John the Baptist Parish,LA,Louisiana,15,555484721,506440074
72,013,01804486,0500000US72013,72013,Arecibo,Arecibo Municipio,PR,Puerto Rico,13,326179587,117205829
72,105,01804533,0500000US72105,72105,Naranjito,Naranjito Municipio,PR,Puerto Rico,13,70969173,898340
54,061,01550037,0500000US54061,54061,Monongalia,Monongalia County,WV,West Virginia,06,932632923,14991505
72,043,01804501,0500000US72043,72043,Coamo,Coamo Municipio,PR,Puerto Rico,13,202052321,38061
36,021,00974109,0500000US36021,36021,Columbia,Columbia County,NY,New York,06,1643770717,35071400
37,187,01026331,0500000US37187,37187,Washington,Washington County,NC,North Carolina,06,897456201,195282199
33,011,00873179,0500000US33011,33011,Hillsborough,Hillsborough County,NH,New Hampshire,06,2270191096,41320770
13,167,00346664,0500000US13167,13167,Johnson,Johnson County,GA,Georgia,06,784815230,9256633
37,025,01008540,0500000US37025,37025,Cabarrus,Cabarrus County,NC,North Carolina,06,935587407,6985702
33,005,00873176,0500000US33005,33005,Cheshire,Cheshire County,NH,New Hampshire,06,1830367250,57589051
51,580,01789069,0500000US51580,51580,Covington,Covington city,VA,Virginia,25,14163842,521492
13,003,00345784,0500000US13003,13003,Atkinson,Atkinson County,GA,Georgia,06,887636774,4701677
42,087,01213679,0500000US42087,42087,Mifflin,Mifflin County,PA,Pennsylvania,06,1064602254,9507394
42,015,01213660,0500000US42015,42015,Bradford,Bradford County,PA,Pennsylvania,06,2971943389,35199970
48,493,01384032,0500000US48493,48493,Wilson,Wilson County,TX,Texas,06,2081662650,12111507
13,165,00342985,0500000US13165,13165,Jenkins,Jenkins County,GA,Georgia,06,899569112,13332769
48,013,01383792,0500000US48013,48013,Atascosa,Atascosa County,TX,Texas,06,3158596616,4995711
37,145,01008577,0500000US37145,37145,Person,Person County,NC,North Carolina,06,1016154887,31205409
48,177,01383874,0500000US48177,48177,Gonzales,Gonzales County,TX,Texas,06,2762704862,8204086
36,079,00974138,0500000US36079,36079,Putnam,Putnam County,NY,New York,06,596224258,41226168
36,093,00974144,0500000US36093,36093,Schenectady,Schenectady County,NY,New York,06,529862599,12594060
51,790,01789075,0500000US51790,51790,Staunton,Staunton city,VA,Virginia,25,51593819,147694
42,021,01213662,0500000US42021,42021,Cambria,Cambria County,PA,Pennsylvania,06,1780643391,13523237
01,045,00161548,0500000US01045,01045,Dale,Dale County,AL,Alabama,06,1453276166,4051341
13,173,00348102,0500000US13173,13173,Lanier,Lanier County,GA,Georgia,06,509030778,8418857
72,027,01804493,0500000US72027,72027,Camuy,Camuy Municipio,PR,Puerto Rico,13,120058676,40429657
72,017,01804488,0500000US72017,72017,Barceloneta,Barceloneta Municipio,PR,Puerto Rico,13,48421895,31649450
12,111,00308372,0500000US12111,12111,St. Lucie,St. Lucie County,FL,Florida,06,1480593673,300906587
12,091,00306915,0500000US12091,12091,Okaloosa,Okaloosa County,FL,Florida,06,2409192557,819717338
72,101,01804531,0500000US72101,72101,Morovis,Morovis Municipio,PR,Puerto Rico,13,100676194,139537
72,045,01804502,0500000US72045,72045,Comer鱈o,Comer鱈o Municipio,PR,Puerto Rico,13,73557193,319739
72,125,01804543,0500000US72125,72125,San Germ叩n,San Germ叩n Municipio,PR,Puerto Rico,13,141145024,29360
36,061,00974129,0500000US36061,36061,New York,New York County,NY,New York,06,58679457,29014840
72,035,01804497,0500000US72035,72035,Cayey,Cayey Municipio,PR,Puerto Rico,13,134509879,68570
28,061,00695754,0500000US28061,28061,Jasper,Jasper County,MS,Mississippi,06,1751636189,3130850
72,091,01804526,0500000US72091,72091,Manat鱈,Manat鱈 Municipio,PR,Puerto Rico,13,116913017,66163823
72,075,01804518,0500000US72075,72075,Juana D鱈az,Juana D鱈az Municipio,PR,Puerto Rico,13,156119306,121326507
28,123,00695782,0500000US28123,28123,Scott,Scott County,MS,Mississippi,06,1577902083,3001523
72,103,01804532,0500000US72103,72103,Naguabo,Naguabo Municipio,PR,Puerto Rico,13,133799721,53351779
72,007,01804483,0500000US72007,72007,Aguas Buenas,Aguas Buenas Municipio,PR,Puerto Rico,13,77919504,28383
72,054,01804507,0500000US72054,72054,Florida,Florida Municipio,PR,Puerto Rico,13,39391497,34012
45,033,01247993,0500000US45033,45033,Dillon,Dillon County,SC,South Carolina,06,1049117525,4541557
45,001,01245666,0500000US45001,45001,Abbeville,Abbeville County,SC,South Carolina,06,1272184102,53221051
01,013,00161532,0500000US01013,01013,Butler,Butler County,AL,Alabama,06,2012002546,2701199
50,007,01461760,0500000US50007,50007,Chittenden,Chittenden County,VT,Vermont,06,1391556759,214228923
12,059,00295735,0500000US12059,12059,Holmes,Holmes County,FL,Florida,06,1240232910,26393540
36,057,00974127,0500000US36057,36057,Montgomery,Montgomery County,NY,New York,06,1044051408,18614750
48,297,01383934,0500000US48297,48297,Live Oak,Live Oak County,TX,Texas,06,2692796909,101483818
22,089,01629449,0500000US22089,22089,St. Charles,St. Charles Parish,LA,Louisiana,15,719347893,308635080
48,293,01383932,0500000US48293,48293,Limestone,Limestone County,TX,Texas,06,2345053180,71830221
48,123,01383844,0500000US48123,48123,DeWitt,DeWitt County,TX,Texas,06,2354237965,3919919
13,053,00351012,0500000US13053,13053,Chattahoochee,Chattahoochee County,GA,Georgia,06,644225830,6277089
13,061,00344805,0500000US13061,13061,Clay,Clay County,GA,Georgia,06,506093894,56546964
42,093,01213681,0500000US42093,42093,Montour,Montour County,PA,Pennsylvania,06,337322557,5408350
42,001,01213656,0500000US42001,42001,Adams,Adams County,PA,Pennsylvania,06,1343400759,7771555
54,025,01557518,0500000US54025,54025,Greenbrier,Greenbrier County,WV,West Virginia,06,2641303514,12164256
01,067,00161559,0500000US01067,01067,Henry,Henry County,AL,Alabama,06,1454959642,16953809
42,131,01209192,0500000US42131,42131,Wyoming,Wyoming County,PA,Pennsylvania,06,1029198657,20028557
54,097,01696800,0500000US54097,54097,Upshur,Upshur County,WV,West Virginia,06,918506904,302703
33,013,00873180,0500000US33013,33013,Merrimack,Merrimack County,NH,New Hampshire,06,2416197730,57178203
13,169,00345367,0500000US13169,13169,Jones,Jones County,GA,Georgia,06,1020304152,3820256
13,273,00352238,0500000US13273,13273,Terrell,Terrell County,GA,Georgia,06,869695791,4951325
13,017,00351606,0500000US13017,13017,Ben Hill,Ben Hill County,GA,Georgia,06,647802123,9814374
51,820,01498443,0500000US51820,51820,Waynesboro,Waynesboro city,VA,Virginia,25,38771593,364644
48,047,01383809,0500000US48047,48047,Brooks,Brooks County,TX,Texas,06,2443277014,741627
45,023,01247988,0500000US45023,45023,Chester,Chester County,SC,South Carolina,06,1503905790,14249301
12,011,00295753,0500000US12011,12011,Broward,Broward County,FL,Florida,06,3115058072,273491305
25,019,00606936,0500000US25019,25019,Nantucket,Nantucket County,MA,Massachusetts,06,119637319,666826424
72,067,01804514,0500000US72067,72067,Hormigueros,Hormigueros Municipio,PR,Puerto Rico,13,29384892,481
01,105,00161579,0500000US01105,01105,Perry,Perry County,AL,Alabama,06,1863936200,10902207
72,145,01804553,0500000US72145,72145,Vega Baja,Vega Baja Municipio,PR,Puerto Rico,13,118745080,57827591
72,119,01804540,0500000US72119,72119,R鱈o Grande,R鱈o Grande Municipio,PR,Puerto Rico,13,157008570,74876349
13,261,00343504,0500000US13261,13261,Sumter,Sumter County,GA,Georgia,06,1250646286,25211441
51,131,01480151,0500000US51131,51131,Northampton,Northampton County,VA,Virginia,06,548331037,1511369146
36,059,00974128,0500000US36059,36059,Nassau,Nassau County,NY,New York,06,736959587,437291722
12,089,00295730,0500000US12089,12089,Nassau,Nassau County,FL,Florida,06,1680075562,200050173
12,121,00295729,0500000US12121,12121,Suwannee,Suwannee County,FL,Florida,06,1783430092,9505389
51,113,01494590,0500000US51113,51113,Madison,Madison County,VA,Virginia,06,830449706,3205612
01,113,00161583,0500000US01113,01113,Russell,Russell County,AL,Alabama,06,1660652494,15564412
13,027,00345518,0500000US13027,13027,Brooks,Brooks County,GA,Georgia,06,1277341275,11955761
12,133,00295762,0500000US12133,12133,Washington,Washington County,FL,Florida,06,1514305979,81008171
01,053,00161552,0500000US01053,01053,Escambia,Escambia County,AL,Alabama,06,2448595161,20024887
42,099,01213682,0500000US42099,42099,Perry,Perry County,PA,Pennsylvania,06,1428247558,10591170
28,035,00695742,0500000US28035,28035,Forrest,Forrest County,MS,Mississippi,06,1207042883,10872917
13,275,00343835,0500000US13275,13275,Thomas,Thomas County,GA,Georgia,06,1410592606,19645695
13,249,00344129,0500000US13249,13249,Schley,Schley County,GA,Georgia,06,432291202,2369649
22,093,01629464,0500000US22093,22093,St. James,St. James Parish,LA,Louisiana,15,616057915,38773983
72,071,01804516,0500000US72071,72071,Isabela,Isabela Municipio,PR,Puerto Rico,13,143255842,94636935
01,091,00161572,0500000US01091,01091,Marengo,Marengo County,AL,Alabama,06,2530155136,14951685
01,123,00161587,0500000US01123,01123,Tallapoosa,Tallapoosa County,AL,Alabama,06,1855798005,128790974
28,091,00695769,0500000US28091,28091,Marion,Marion County,MS,Mississippi,06,1404769598,16149945
28,063,00695755,0500000US28063,28063,Jefferson,Jefferson County,MS,Mississippi,06,1346620554,18988092
50,001,01461757,0500000US50001,50001,Addison,Addison County,VT,Vermont,06,1984209520,107311666
36,087,00974142,0500000US36087,36087,Rockland,Rockland County,NY,New York,06,449217749,66844037
09,005,00212796,0500000US09005,09005,Litchfield,Litchfield County,CT,Connecticut,06,2384123146,62350378
09,013,00212668,0500000US09013,09013,Tolland,Tolland County,CT,Connecticut,06,1062807467,17549693
36,083,00974140,0500000US36083,36083,Rensselaer,Rensselaer County,NY,New York,06,1689859763,33525770
48,249,01383910,0500000US48249,48249,Jim Wells,Jim Wells County,TX,Texas,06,2240795377,8723372
51,043,01690562,0500000US51043,51043,Clarke,Clarke County,VA,Virginia,06,455664146,5690611
36,023,00974110,0500000US36023,36023,Cortland,Cortland County,NY,New York,06,1291817953,7110638
72,011,01804485,0500000US72011,72011,A単asco,A単asco Municipio,PR,Puerto Rico,13,101747429,14607647
33,019,00873183,0500000US33019,33019,Sullivan,Sullivan County,NH,New Hampshire,06,1393091317,36932078
51,680,01498429,0500000US51680,51680,Lynchburg,Lynchburg city,VA,Virginia,25,126848431,1422888
72,117,01804539,0500000US72117,72117,Rinc坦n,Rinc坦n Municipio,PR,Puerto Rico,13,37005459,103924382
48,507,01384039,0500000US48507,48507,Zavala,Zavala County,TX,Texas,06,3360268878,11208707
51,810,01498559,0500000US51810,51810,Virginia Beach,Virginia Beach city,VA,Virginia,25,633828628,654687365
72,133,01804547,0500000US72133,72133,Santa Isabel,Santa Isabel Municipio,PR,Puerto Rico,13,88150116,111135065
72,083,01804522,0500000US72083,72083,Las Mar鱈as,Las Mar鱈as Municipio,PR,Puerto Rico,13,120071824,376224
72,123,01804542,0500000US72123,72123,Salinas,Salinas Municipio,PR,Puerto Rico,13,179755401,115816412
50,019,01461766,0500000US50019,50019,Orleans,Orleans County,VT,Vermont,06,1798784030,71420937
51,065,01494061,0500000US51065,51065,Fluvanna,Fluvanna County,VA,Virginia,06,743630407,10747024
72,109,01804535,0500000US72109,72109,Patillas,Patillas Municipio,PR,Puerto Rico,13,120695655,74074553
51,683,01498430,0500000US51683,51683,Manassas,Manassas city,VA,Virginia,25,25493247,146287
34,005,00882272,0500000US34005,34005,Burlington,Burlington County,NJ,New Jersey,06,2070157273,54113878
51,700,01498555,0500000US51700,51700,Newport News,Newport News city,VA,Virginia,25,178679454,131135058
48,209,01383890,0500000US48209,48209,Hays,Hays County,TX,Texas,06,1753033395,5054128
54,077,01558642,0500000US54077,54077,Preston,Preston County,WV,West Virginia,06,1680420300,6668159
51,610,01498423,0500000US51610,51610,Falls Church,Falls Church city,VA,Virginia,25,5300262,32
51,800,01498560,0500000US51800,51800,Suffolk,Suffolk city,VA,Virginia,25,1033819022,77045664
13,095,00351259,0500000US13095,13095,Dougherty,Dougherty County,GA,Georgia,06,851183381,15352851
12,003,00306920,0500000US12003,12003,Baker,Baker County,FL,Florida,06,1515738972,9686120
42,109,01213686,0500000US42109,42109,Snyder,Snyder County,PA,Pennsylvania,06,851547199,7158854
72,153,01804557,0500000US72153,72153,Yauco,Yauco Municipio,PR,Puerto Rico,13,175371930,1625258
13,175,00346568,0500000US13175,13175,Laurens,Laurens County,GA,Georgia,06,2090990042,28838468
50,003,01461758,0500000US50003,50003,Bennington,Bennington County,VT,Vermont,06,1747741036,6891098
13,307,00352287,0500000US13307,13307,Webster,Webster County,GA,Georgia,06,543010089,2338844
37,033,01008542,0500000US37033,37033,Caswell,Caswell County,NC,North Carolina,06,1101694783,8641803
01,007,00161529,0500000US01007,01007,Bibb,Bibb County,AL,Alabama,06,1612188717,9572303
37,195,01008596,0500000US37195,37195,Wilson,Wilson County,NC,North Carolina,06,952013027,14332439
42,081,01213677,0500000US42081,42081,Lycoming,Lycoming County,PA,Pennsylvania,06,3182886778,38917581
37,185,01008593,0500000US37185,37185,Warren,Warren County,NC,North Carolina,06,1112117461,38615564
72,051,01804505,0500000US72051,72051,Dorado,Dorado Municipio,PR,Puerto Rico,13,59869071,79239770
